_id,label
AL|AUTAUGA,Autauga County
AL|BALDWIN,Baldwin County
AL|BARBOUR,Barbour County
AL|BIBB,Bibb County
AL|BLOUNT,Blount County
AL|BULLOCK,Bullock County
AL|BUTLER,Butler County
AL|CALHOUN,Calhoun County
AL|CHAMBERS,Chambers County
AL|CHEROKEE,Cherokee County
AL|CHILTON,Chilton County
AL|CHOCTAW,Choctaw County
AL|CLARKE,Clarke County
AL|CLAY,Clay County
AL|CLEBURNE,Cleburne County
AL|COFFEE,Coffee County
AL|COLBERT,Colbert County
AL|CONECUH,Conecuh County
AL|COOSA,Coosa County
AL|COVINGTON,Covington County
AL|CRENSHAW,Crenshaw County
AL|CULLMAN,Cullman County
AL|DALE,Dale County
AL|DALLAS,Dallas County
AL|DEKALB,DeKalb County
AL|ELMORE,Elmore County
AL|ESCAMBIA,Escambia County
AL|ETOWAH,Etowah County
AL|FAYETTE,Fayette County
AL|FRANKLIN,Franklin County
AL|GENEVA,Geneva County
AL|GREENE,Greene County
AL|HALE,Hale County
AL|HENRY,Henry County
AL|HOUSTON,Houston County
AL|JACKSON,Jackson County
AL|JEFFERSON,Jefferson County
AL|LAMAR,Lamar County
AL|LAUDERDALE,Lauderdale County
AL|LAWRENCE,Lawrence County
AL|LEE,Lee County
AL|LIMESTONE,Limestone County
AL|LOWNDES,Lowndes County
AL|MACON,Macon County
AL|MADISON,Madison County
AL|MARENGO,Marengo County
AL|MARION,Marion County
AL|MARSHALL,Marshall County
AL|MOBILE,Mobile County
AL|MONROE,Monroe County
AL|MONTGOMERY,Montgomery County
AL|MORGAN,Morgan County
AL|PERRY,Perry County
AL|PICKENS,Pickens County
AL|PIKE,Pike County
AL|RANDOLPH,Randolph County
AL|RUSSELL,Russell County
AL|SHELBY,Shelby County
AL|ST._CLAIR,St. Clair County
AL|SUMTER,Sumter County
AL|TALLADEGA,Talladega County
AL|TALLAPOOSA,Tallapoosa County
AL|TUSCALOOSA,Tuscaloosa County
AL|WALKER,Walker County
AL|WASHINGTON,Washington County
AL|WILCOX,Wilcox County
AL|WINSTON,Winston County
AR|ARKANSAS,Arkansas County
AR|ASHLEY,Ashley County
AR|BAXTER,Baxter County
AR|BENTON,Benton County
AR|BOONE,Boone County
AR|BRADLEY,Bradley County
AR|CALHOUN,Calhoun County
AR|CARROLL,Carroll County
AR|CHICOT,Chicot County
AR|CLARK,Clark County
AR|CLAY,Clay County
AR|CLEBURNE,Cleburne County
AR|CLEVELAND,Cleveland County
AR|COLUMBIA,Columbia County
AR|CONWAY,Conway County
AR|CRAIGHEAD,Craighead County
AR|CRAWFORD,Crawford County
AR|CRITTENDEN,Crittenden County
AR|CROSS,Cross County
AR|DALLAS,Dallas County
AR|DESHA,Desha County
AR|DREW,Drew County
AR|FAULKNER,Faulkner County
AR|FRANKLIN,Franklin County
AR|FULTON,Fulton County
AR|GARLAND,Garland County
AR|GRANT,Grant County
AR|GREENE,Greene County
AR|HEMPSTEAD,Hempstead County
AR|HOT_SPRING,Hot Spring County
AR|HOWARD,Howard County
AR|INDEPENDENCE,Independence County
AR|IZARD,Izard County
AR|JACKSON,Jackson County
AR|JEFFERSON,Jefferson County
AR|JOHNSON,Johnson County
AR|LAFAYETTE,Lafayette County
AR|LAWRENCE,Lawrence County
AR|LEE,Lee County
AR|LINCOLN,Lincoln County
AR|LITTLE_RIVER,Little River County
AR|LOGAN,Logan County
AR|LONOKE,Lonoke County
AR|MADISON,Madison County
AR|MARION,Marion County
AR|MILLER,Miller County
AR|MISSISSIPPI,Mississippi County
AR|MONROE,Monroe County
AR|MONTGOMERY,Montgomery County
AR|NEVADA,Nevada County
AR|NEWTON,Newton County
AR|OUACHITA,Ouachita County
AR|PERRY,Perry County
AR|PHILLIPS,Phillips County
AR|PIKE,Pike County
AR|POINSETT,Poinsett County
AR|POLK,Polk County
AR|POPE,Pope County
AR|PRAIRIE,Prairie County
AR|PULASKI,Pulaski County
AR|RANDOLPH,Randolph County
AR|SALINE,Saline County
AR|SCOTT,Scott County
AR|SEARCY,Searcy County
AR|SEBASTIAN,Sebastian County
AR|SEVIER,Sevier County
AR|SHARP,Sharp County
AR|ST._FRANCIS,St. Francis County
AR|STONE,Stone County
AR|UNION,Union County
AR|VAN_BUREN,Van Buren County
AR|WASHINGTON,Washington County
AR|WHITE,White County
AR|WOODRUFF,Woodruff County
AR|YELL,Yell County
AZ|APACHE,Apache County
AZ|COCHISE,Cochise County
AZ|COCONINO,Coconino County
AZ|GILA,Gila County
AZ|GRAHAM,Graham County
AZ|GREENLEE,Greenlee County
AZ|LA_PAZ,La Paz County
AZ|MARICOPA,Maricopa County
AZ|MOHAVE,Mohave County
AZ|NAVAJO,Navajo County
AZ|PIMA,Pima County
AZ|PINAL,Pinal County
AZ|SANTA_CRUZ,Santa Cruz County
AZ|YAVAPAI,Yavapai County
AZ|YUMA,Yuma County
CA|ALAMEDA,Alameda County
CA|ALPINE,Alpine County
CA|AMADOR,Amador County
CA|BUTTE,Butte County
CA|CALAVERAS,Calaveras County
CA|COLUSA,Colusa County
CA|CONTRA_COSTA,Contra Costa County
CA|DEL_NORTE,Del Norte County
CA|EL_DORADO,El Dorado County
CA|FRESNO,Fresno County
CA|GLENN,Glenn County
CA|HUMBOLDT,Humboldt County
CA|IMPERIAL,Imperial County
CA|INYO,Inyo County
CA|KERN,Kern County
CA|KINGS,Kings County
CA|LAKE,Lake County
CA|LASSEN,Lassen County
CA|LOS_ANGELES,Los Angeles County
CA|MADERA,Madera County
CA|MARIN,Marin County
CA|MARIPOSA,Mariposa County
CA|MENDOCINO,Mendocino County
CA|MERCED,Merced County
CA|MODOC,Modoc County
CA|MONO,Mono County
CA|MONTEREY,Monterey County
CA|NAPA,Napa County
CA|NEVADA,Nevada County
CA|ORANGE,Orange County
CA|PLACER,Placer County
CA|PLUMAS,Plumas County
CA|RIVERSIDE,Riverside County
CA|SACRAMENTO,Sacramento County
CA|SANTA_BARBARA,Santa Barbara County
CA|SANTA_CLARA,Santa Clara County
CA|SANTA_CRUZ,Santa Cruz County
CA|SAN_BENITO,San Benito County
CA|SAN_BERNARDINO,San Bernardino County
CA|SAN_DIEGO,San Diego County
CA|SAN_FRANCISCO,San Francisco County
CA|SAN_JOAQUIN,San Joaquin County
CA|SAN_LUIS_OBISPO,San Luis Obispo County
CA|SAN_MATEO,San Mateo County
CA|SHASTA,Shasta County
CA|SIERRA,Sierra County
CA|SISKIYOU,Siskiyou County
CA|SOLANO,Solano County
CA|SONOMA,Sonoma County
CA|STANISLAUS,Stanislaus County
CA|SUTTER,Sutter County
CA|TEHAMA,Tehama County
CA|TRINITY,Trinity County
CA|TULARE,Tulare County
CA|TUOLUMNE,Tuolumne County
CA|VENTURA,Ventura County
CA|YOLO,Yolo County
CA|YUBA,Yuba County
CO|ADAMS,Adams County
CO|ALAMOSA,Alamosa County
CO|ARAPAHOE,Arapahoe County
CO|ARCHULETA,Archuleta County
CO|BACA,Baca County
CO|BENT,Bent County
CO|BOULDER,Boulder County
CO|BROOMFIELD,Broomfield County
CO|CHAFFEE,Chaffee County
CO|CHEYENNE,Cheyenne County
CO|CLEAR_CREEK,Clear Creek County
CO|CONEJOS,Conejos County
CO|COSTILLA,Costilla County
CO|CROWLEY,Crowley County
CO|CUSTER,Custer County
CO|DELTA,Delta County
CO|DENVER,Denver County
CO|DOLORES,Dolores County
CO|DOUGLAS,Douglas County
CO|EAGLE,Eagle County
CO|ELBERT,Elbert County
CO|EL_PASO,El Paso County
CO|FREMONT,Fremont County
CO|GARFIELD,Garfield County
CO|GILPIN,Gilpin County
CO|GRAND,Grand County
CO|GUNNISON,Gunnison County
CO|HINSDALE,Hinsdale County
CO|HUERFANO,Huerfano County
CO|JACKSON,Jackson County
CO|JEFFERSON,Jefferson County
CO|KIOWA,Kiowa County
CO|KIT_CARSON,Kit Carson County
CO|LAKE,Lake County
CO|LARIMER,Larimer County
CO|LAS_ANIMAS,Las Animas County
CO|LA_PLATA,La Plata County
CO|LINCOLN,Lincoln County
CO|LOGAN,Logan County
CO|MESA,Mesa County
CO|MINERAL,Mineral County
CO|MOFFAT,Moffat County
CO|MONTEZUMA,Montezuma County
CO|MONTROSE,Montrose County
CO|MORGAN,Morgan County
CO|OTERO,Otero County
CO|OURAY,Ouray County
CO|PARK,Park County
CO|PHILLIPS,Phillips County
CO|PITKIN,Pitkin County
CO|PROWERS,Prowers County
CO|PUEBLO,Pueblo County
CO|RIO_BLANCO,Rio Blanco County
CO|RIO_GRANDE,Rio Grande County
CO|ROUTT,Routt County
CO|SAGUACHE,Saguache County
CO|SAN_JUAN,San Juan County
CO|SAN_MIGUEL,San Miguel County
CO|SEDGWICK,Sedgwick County
CO|SUMMIT,Summit County
CO|TELLER,Teller County
CO|WASHINGTON,Washington County
CO|WELD,Weld County
CO|YUMA,Yuma County
CT|CAPITOL,Capitol Planning Region
CT|GREATER_BRIDGEPORT,Greater Bridgeport Planning Region
CT|LOWER_CONNECTICUT_RIVER_VALLEY,Lower Connecticut River Valley Planning Region
CT|NAUGATUCK_VALLEY,Naugatuck Valley Planning Region
CT|NORTHEASTERN_CONNECTICUT,Northeastern Connecticut Planning Region
CT|NORTHWEST_HILLS,Northwest Hills Planning Region
CT|SOUTHEASTERN_CONNECTICUT,Southeastern Connecticut Planning Region
CT|SOUTH_CENTRAL_CONNECTICUT,South Central Connecticut Planning Region
CT|WESTERN_CONNECTICUT,Western Connecticut Planning Region
DC|DISTRICT_OF_COLUMBIA,District of Columbia
DE|KENT,Kent County
DE|NEW_CASTLE,New Castle County
DE|SUSSEX,Sussex County
FL|ALACHUA,Alachua County
FL|BAKER,Baker County
FL|BAY,Bay County
FL|BRADFORD,Bradford County
FL|BREVARD,Brevard County
FL|BROWARD,Broward County
FL|CALHOUN,Calhoun County
FL|CHARLOTTE,Charlotte County
FL|CITRUS,Citrus County
FL|CLAY,Clay County
FL|COLLIER,Collier County
FL|COLUMBIA,Columbia County
FL|DESOTO,DeSoto County
FL|DIXIE,Dixie County
FL|DUVAL,Duval County
FL|ESCAMBIA,Escambia County
FL|FLAGLER,Flagler County
FL|FRANKLIN,Franklin County
FL|GADSDEN,Gadsden County
FL|GILCHRIST,Gilchrist County
FL|GLADES,Glades County
FL|GULF,Gulf County
FL|HAMILTON,Hamilton County
FL|HARDEE,Hardee County
FL|HENDRY,Hendry County
FL|HERNANDO,Hernando County
FL|HIGHLANDS,Highlands County
FL|HILLSBOROUGH,Hillsborough County
FL|HOLMES,Holmes County
FL|INDIAN_RIVER,Indian River County
FL|JACKSON,Jackson County
FL|JEFFERSON,Jefferson County
FL|LAFAYETTE,Lafayette County
FL|LAKE,Lake County
FL|LEE,Lee County
FL|LEON,Leon County
FL|LEVY,Levy County
FL|LIBERTY,Liberty County
FL|MADISON,Madison County
FL|MANATEE,Manatee County
FL|MARION,Marion County
FL|MARTIN,Martin County
FL|MIAMI-DADE,Miami-Dade County
FL|MONROE,Monroe County
FL|NASSAU,Nassau County
FL|OKALOOSA,Okaloosa County
FL|OKEECHOBEE,Okeechobee County
FL|ORANGE,Orange County
FL|OSCEOLA,Osceola County
FL|PALM_BEACH,Palm Beach County
FL|PASCO,Pasco County
FL|PINELLAS,Pinellas County
FL|POLK,Polk County
FL|PUTNAM,Putnam County
FL|SANTA_ROSA,Santa Rosa County
FL|SARASOTA,Sarasota County
FL|SEMINOLE,Seminole County
FL|ST._JOHNS,St. Johns County
FL|ST._LUCIE,St. Lucie County
FL|SUMTER,Sumter County
FL|SUWANNEE,Suwannee County
FL|TAYLOR,Taylor County
FL|UNION,Union County
FL|VOLUSIA,Volusia County
FL|WAKULLA,Wakulla County
FL|WALTON,Walton County
FL|WASHINGTON,Washington County
GA|APPLING,Appling County
GA|ATKINSON,Atkinson County
GA|BACON,Bacon County
GA|BAKER,Baker County
GA|BALDWIN,Baldwin County
GA|BANKS,Banks County
GA|BARROW,Barrow County
GA|BARTOW,Bartow County
GA|BEN_HILL,Ben Hill County
GA|BERRIEN,Berrien County
GA|BIBB,Bibb County
GA|BLECKLEY,Bleckley County
GA|BRANTLEY,Brantley County
GA|BROOKS,Brooks County
GA|BRYAN,Bryan County
GA|BULLOCH,Bulloch County
GA|BURKE,Burke County
GA|BUTTS,Butts County
GA|CALHOUN,Calhoun County
GA|CAMDEN,Camden County
GA|CANDLER,Candler County
GA|CARROLL,Carroll County
GA|CATOOSA,Catoosa County
GA|CHARLTON,Charlton County
GA|CHATHAM,Chatham County
GA|CHATTAHOOCHEE,Chattahoochee County
GA|CHATTOOGA,Chattooga County
GA|CHEROKEE,Cherokee County
GA|CLARKE,Clarke County
GA|CLAY,Clay County
GA|CLAYTON,Clayton County
GA|CLINCH,Clinch County
GA|COBB,Cobb County
GA|COFFEE,Coffee County
GA|COLQUITT,Colquitt County
GA|COLUMBIA,Columbia County
GA|COOK,Cook County
GA|COWETA,Coweta County
GA|CRAWFORD,Crawford County
GA|CRISP,Crisp County
GA|DADE,Dade County
GA|DAWSON,Dawson County
GA|DECATUR,Decatur County
GA|DEKALB,DeKalb County
GA|DODGE,Dodge County
GA|DOOLY,Dooly County
GA|DOUGHERTY,Dougherty County
GA|DOUGLAS,Douglas County
GA|EARLY,Early County
GA|ECHOLS,Echols County
GA|EFFINGHAM,Effingham County
GA|ELBERT,Elbert County
GA|EMANUEL,Emanuel County
GA|EVANS,Evans County
GA|FANNIN,Fannin County
GA|FAYETTE,Fayette County
GA|FLOYD,Floyd County
GA|FORSYTH,Forsyth County
GA|FRANKLIN,Franklin County
GA|FULTON,Fulton County
GA|GILMER,Gilmer County
GA|GLASCOCK,Glascock County
GA|GLYNN,Glynn County
GA|GORDON,Gordon County
GA|GRADY,Grady County
GA|GREENE,Greene County
GA|GWINNETT,Gwinnett County
GA|HABERSHAM,Habersham County
GA|HALL,Hall County
GA|HANCOCK,Hancock County
GA|HARALSON,Haralson County
GA|HARRIS,Harris County
GA|HART,Hart County
GA|HEARD,Heard County
GA|HENRY,Henry County
GA|HOUSTON,Houston County
GA|IRWIN,Irwin County
GA|JACKSON,Jackson County
GA|JASPER,Jasper County
GA|JEFFERSON,Jefferson County
GA|JEFF_DAVIS,Jeff Davis County
GA|JENKINS,Jenkins County
GA|JOHNSON,Johnson County
GA|JONES,Jones County
GA|LAMAR,Lamar County
GA|LANIER,Lanier County
GA|LAURENS,Laurens County
GA|LEE,Lee County
GA|LIBERTY,Liberty County
GA|LINCOLN,Lincoln County
GA|LONG,Long County
GA|LOWNDES,Lowndes County
GA|LUMPKIN,Lumpkin County
GA|MACON,Macon County
GA|MADISON,Madison County
GA|MARION,Marion County
GA|MCDUFFIE,McDuffie County
GA|MCINTOSH,McIntosh County
GA|MERIWETHER,Meriwether County
GA|MILLER,Miller County
GA|MITCHELL,Mitchell County
GA|MONROE,Monroe County
GA|MONTGOMERY,Montgomery County
GA|MORGAN,Morgan County
GA|MURRAY,Murray County
GA|MUSCOGEE,Muscogee County
GA|NEWTON,Newton County
GA|OCONEE,Oconee County
GA|OGLETHORPE,Oglethorpe County
GA|PAULDING,Paulding County
GA|PEACH,Peach County
GA|PICKENS,Pickens County
GA|PIERCE,Pierce County
GA|PIKE,Pike County
GA|POLK,Polk County
GA|PULASKI,Pulaski County
GA|PUTNAM,Putnam County
GA|QUITMAN,Quitman County
GA|RABUN,Rabun County
GA|RANDOLPH,Randolph County
GA|RICHMOND,Richmond County
GA|ROCKDALE,Rockdale County
GA|SCHLEY,Schley County
GA|SCREVEN,Screven County
GA|SEMINOLE,Seminole County
GA|SPALDING,Spalding County
GA|STEPHENS,Stephens County
GA|STEWART,Stewart County
GA|SUMTER,Sumter County
GA|TALBOT,Talbot County
GA|TALIAFERRO,Taliaferro County
GA|TATTNALL,Tattnall County
GA|TAYLOR,Taylor County
GA|TELFAIR,Telfair County
GA|TERRELL,Terrell County
GA|THOMAS,Thomas County
GA|TIFT,Tift County
GA|TOOMBS,Toombs County
GA|TOWNS,Towns County
GA|TREUTLEN,Treutlen County
GA|TROUP,Troup County
GA|TURNER,Turner County
GA|TWIGGS,Twiggs County
GA|UNION,Union County
GA|UPSON,Upson County
GA|WALKER,Walker County
GA|WALTON,Walton County
GA|WARE,Ware County
GA|WARREN,Warren County
GA|WASHINGTON,Washington County
GA|WAYNE,Wayne County
GA|WEBSTER,Webster County
GA|WHEELER,Wheeler County
GA|WHITE,White County
GA|WHITFIELD,Whitfield County
GA|WILCOX,Wilcox County
GA|WILKES,Wilkes County
GA|WILKINSON,Wilkinson County
GA|WORTH,Worth County
IA|ADAIR,Adair County
IA|ADAMS,Adams County
IA|ALLAMAKEE,Allamakee County
IA|APPANOOSE,Appanoose County
IA|AUDUBON,Audubon County
IA|BENTON,Benton County
IA|BLACK_HAWK,Black Hawk County
IA|BOONE,Boone County
IA|BREMER,Bremer County
IA|BUCHANAN,Buchanan County
IA|BUENA_VISTA,Buena Vista County
IA|BUTLER,Butler County
IA|CALHOUN,Calhoun County
IA|CARROLL,Carroll County
IA|CASS,Cass County
IA|CEDAR,Cedar County
IA|CERRO_GORDO,Cerro Gordo County
IA|CHEROKEE,Cherokee County
IA|CHICKASAW,Chickasaw County
IA|CLARKE,Clarke County
IA|CLAY,Clay County
IA|CLAYTON,Clayton County
IA|CLINTON,Clinton County
IA|CRAWFORD,Crawford County
IA|DALLAS,Dallas County
IA|DAVIS,Davis County
IA|DECATUR,Decatur County
IA|DELAWARE,Delaware County
IA|DES_MOINES,Des Moines County
IA|DICKINSON,Dickinson County
IA|DUBUQUE,Dubuque County
IA|EMMET,Emmet County
IA|FAYETTE,Fayette County
IA|FLOYD,Floyd County
IA|FRANKLIN,Franklin County
IA|FREMONT,Fremont County
IA|GREENE,Greene County
IA|GRUNDY,Grundy County
IA|GUTHRIE,Guthrie County
IA|HAMILTON,Hamilton County
IA|HANCOCK,Hancock County
IA|HARDIN,Hardin County
IA|HARRISON,Harrison County
IA|HENRY,Henry County
IA|HOWARD,Howard County
IA|HUMBOLDT,Humboldt County
IA|IDA,Ida County
IA|IOWA,Iowa County
IA|JACKSON,Jackson County
IA|JASPER,Jasper County
IA|JEFFERSON,Jefferson County
IA|JOHNSON,Johnson County
IA|JONES,Jones County
IA|KEOKUK,Keokuk County
IA|KOSSUTH,Kossuth County
IA|LEE,Lee County
IA|LINN,Linn County
IA|LOUISA,Louisa County
IA|LUCAS,Lucas County
IA|LYON,Lyon County
IA|MADISON,Madison County
IA|MAHASKA,Mahaska County
IA|MARION,Marion County
IA|MARSHALL,Marshall County
IA|MILLS,Mills County
IA|MITCHELL,Mitchell County
IA|MONONA,Monona County
IA|MONROE,Monroe County
IA|MONTGOMERY,Montgomery County
IA|MUSCATINE,Muscatine County
IA|O'BRIEN,O'Brien County
IA|OSCEOLA,Osceola County
IA|PAGE,Page County
IA|PALO_ALTO,Palo Alto County
IA|PLYMOUTH,Plymouth County
IA|POCAHONTAS,Pocahontas County
IA|POLK,Polk County
IA|POTTAWATTAMIE,Pottawattamie County
IA|POWESHIEK,Poweshiek County
IA|RINGGOLD,Ringgold County
IA|SAC,Sac County
IA|SCOTT,Scott County
IA|SHELBY,Shelby County
IA|SIOUX,Sioux County
IA|STORY,Story County
IA|TAMA,Tama County
IA|TAYLOR,Taylor County
IA|UNION,Union County
IA|VAN_BUREN,Van Buren County
IA|WAPELLO,Wapello County
IA|WARREN,Warren County
IA|WASHINGTON,Washington County
IA|WAYNE,Wayne County
IA|WEBSTER,Webster County
IA|WINNEBAGO,Winnebago County
IA|WINNESHIEK,Winneshiek County
IA|WOODBURY,Woodbury County
IA|WORTH,Worth County
IA|WRIGHT,Wright County
ID|ADA,Ada County
ID|ADAMS,Adams County
ID|BANNOCK,Bannock County
ID|BEAR_LAKE,Bear Lake County
ID|BENEWAH,Benewah County
ID|BINGHAM,Bingham County
ID|BLAINE,Blaine County
ID|BOISE,Boise County
ID|BONNER,Bonner County
ID|BONNEVILLE,Bonneville County
ID|BOUNDARY,Boundary County
ID|BUTTE,Butte County
ID|CAMAS,Camas County
ID|CANYON,Canyon County
ID|CARIBOU,Caribou County
ID|CASSIA,Cassia County
ID|CLARK,Clark County
ID|CLEARWATER,Clearwater County
ID|CUSTER,Custer County
ID|ELMORE,Elmore County
ID|FRANKLIN,Franklin County
ID|FREMONT,Fremont County
ID|GEM,Gem County
ID|GOODING,Gooding County
ID|IDAHO,Idaho County
ID|JEFFERSON,Jefferson County
ID|JEROME,Jerome County
ID|KOOTENAI,Kootenai County
ID|LATAH,Latah County
ID|LEMHI,Lemhi County
ID|LEWIS,Lewis County
ID|LINCOLN,Lincoln County
ID|MADISON,Madison County
ID|MINIDOKA,Minidoka County
ID|NEZ_PERCE,Nez Perce County
ID|ONEIDA,Oneida County
ID|OWYHEE,Owyhee County
ID|PAYETTE,Payette County
ID|POWER,Power County
ID|SHOSHONE,Shoshone County
ID|TETON,Teton County
ID|TWIN_FALLS,Twin Falls County
ID|VALLEY,Valley County
ID|WASHINGTON,Washington County
IL|ADAMS,Adams County
IL|ALEXANDER,Alexander County
IL|BOND,Bond County
IL|BOONE,Boone County
IL|BROWN,Brown County
IL|BUREAU,Bureau County
IL|CALHOUN,Calhoun County
IL|CARROLL,Carroll County
IL|CASS,Cass County
IL|CHAMPAIGN,Champaign County
IL|CHRISTIAN,Christian County
IL|CLARK,Clark County
IL|CLAY,Clay County
IL|CLINTON,Clinton County
IL|COLES,Coles County
IL|COOK,Cook County
IL|CRAWFORD,Crawford County
IL|CUMBERLAND,Cumberland County
IL|DEKALB,DeKalb County
IL|DE_WITT,De Witt County
IL|DOUGLAS,Douglas County
IL|DUPAGE,DuPage County
IL|EDGAR,Edgar County
IL|EDWARDS,Edwards County
IL|EFFINGHAM,Effingham County
IL|FAYETTE,Fayette County
IL|FORD,Ford County
IL|FRANKLIN,Franklin County
IL|FULTON,Fulton County
IL|GALLATIN,Gallatin County
IL|GREENE,Greene County
IL|GRUNDY,Grundy County
IL|HAMILTON,Hamilton County
IL|HANCOCK,Hancock County
IL|HARDIN,Hardin County
IL|HENDERSON,Henderson County
IL|HENRY,Henry County
IL|IROQUOIS,Iroquois County
IL|JACKSON,Jackson County
IL|JASPER,Jasper County
IL|JEFFERSON,Jefferson County
IL|JERSEY,Jersey County
IL|JOHNSON,Johnson County
IL|JO_DAVIESS,Jo Daviess County
IL|KANE,Kane County
IL|KANKAKEE,Kankakee County
IL|KENDALL,Kendall County
IL|KNOX,Knox County
IL|LAKE,Lake County
IL|LASALLE,LaSalle County
IL|LAWRENCE,Lawrence County
IL|LEE,Lee County
IL|LIVINGSTON,Livingston County
IL|LOGAN,Logan County
IL|MACON,Macon County
IL|MACOUPIN,Macoupin County
IL|MADISON,Madison County
IL|MARION,Marion County
IL|MARSHALL,Marshall County
IL|MASON,Mason County
IL|MASSAC,Massac County
IL|MCDONOUGH,McDonough County
IL|MCHENRY,McHenry County
IL|MCLEAN,McLean County
IL|MENARD,Menard County
IL|MERCER,Mercer County
IL|MONROE,Monroe County
IL|MONTGOMERY,Montgomery County
IL|MORGAN,Morgan County
IL|MOULTRIE,Moultrie County
IL|OGLE,Ogle County
IL|PEORIA,Peoria County
IL|PERRY,Perry County
IL|PIATT,Piatt County
IL|PIKE,Pike County
IL|POPE,Pope County
IL|PULASKI,Pulaski County
IL|PUTNAM,Putnam County
IL|RANDOLPH,Randolph County
IL|RICHLAND,Richland County
IL|ROCK_ISLAND,Rock Island County
IL|SALINE,Saline County
IL|SANGAMON,Sangamon County
IL|SCHUYLER,Schuyler County
IL|SCOTT,Scott County
IL|SHELBY,Shelby County
IL|ST._CLAIR,St. Clair County
IL|STARK,Stark County
IL|STEPHENSON,Stephenson County
IL|TAZEWELL,Tazewell County
IL|UNION,Union County
IL|VERMILION,Vermilion County
IL|WABASH,Wabash County
IL|WARREN,Warren County
IL|WASHINGTON,Washington County
IL|WAYNE,Wayne County
IL|WHITE,White County
IL|WHITESIDE,Whiteside County
IL|WILL,Will County
IL|WILLIAMSON,Williamson County
IL|WINNEBAGO,Winnebago County
IL|WOODFORD,Woodford County
IN|ADAMS,Adams County
IN|ALLEN,Allen County
IN|BARTHOLOMEW,Bartholomew County
IN|BENTON,Benton County
IN|BLACKFORD,Blackford County
IN|BOONE,Boone County
IN|BROWN,Brown County
IN|CARROLL,Carroll County
IN|CASS,Cass County
IN|CLARK,Clark County
IN|CLAY,Clay County
IN|CLINTON,Clinton County
IN|CRAWFORD,Crawford County
IN|DAVIESS,Daviess County
IN|DEARBORN,Dearborn County
IN|DECATUR,Decatur County
IN|DEKALB,DeKalb County
IN|DELAWARE,Delaware County
IN|DUBOIS,Dubois County
IN|ELKHART,Elkhart County
IN|FAYETTE,Fayette County
IN|FLOYD,Floyd County
IN|FOUNTAIN,Fountain County
IN|FRANKLIN,Franklin County
IN|FULTON,Fulton County
IN|GIBSON,Gibson County
IN|GRANT,Grant County
IN|GREENE,Greene County
IN|HAMILTON,Hamilton County
IN|HANCOCK,Hancock County
IN|HARRISON,Harrison County
IN|HENDRICKS,Hendricks County
IN|HENRY,Henry County
IN|HOWARD,Howard County
IN|HUNTINGTON,Huntington County
IN|JACKSON,Jackson County
IN|JASPER,Jasper County
IN|JAY,Jay County
IN|JEFFERSON,Jefferson County
IN|JENNINGS,Jennings County
IN|JOHNSON,Johnson County
IN|KNOX,Knox County
IN|KOSCIUSKO,Kosciusko County
IN|LAGRANGE,LaGrange County
IN|LAKE,Lake County
IN|LAPORTE,LaPorte County
IN|LAWRENCE,Lawrence County
IN|MADISON,Madison County
IN|MARION,Marion County
IN|MARSHALL,Marshall County
IN|MARTIN,Martin County
IN|MIAMI,Miami County
IN|MONROE,Monroe County
IN|MONTGOMERY,Montgomery County
IN|MORGAN,Morgan County
IN|NEWTON,Newton County
IN|NOBLE,Noble County
IN|OHIO,Ohio County
IN|ORANGE,Orange County
IN|OWEN,Owen County
IN|PARKE,Parke County
IN|PERRY,Perry County
IN|PIKE,Pike County
IN|PORTER,Porter County
IN|POSEY,Posey County
IN|PULASKI,Pulaski County
IN|PUTNAM,Putnam County
IN|RANDOLPH,Randolph County
IN|RIPLEY,Ripley County
IN|RUSH,Rush County
IN|SCOTT,Scott County
IN|SHELBY,Shelby County
IN|SPENCER,Spencer County
IN|ST._JOSEPH,St. Joseph County
IN|STARKE,Starke County
IN|STEUBEN,Steuben County
IN|SULLIVAN,Sullivan County
IN|SWITZERLAND,Switzerland County
IN|TIPPECANOE,Tippecanoe County
IN|TIPTON,Tipton County
IN|UNION,Union County
IN|VANDERBURGH,Vanderburgh County
IN|VERMILLION,Vermillion County
IN|VIGO,Vigo County
IN|WABASH,Wabash County
IN|WARREN,Warren County
IN|WARRICK,Warrick County
IN|WASHINGTON,Washington County
IN|WAYNE,Wayne County
IN|WELLS,Wells County
IN|WHITE,White County
IN|WHITLEY,Whitley County
KS|ALLEN,Allen County
KS|ANDERSON,Anderson County
KS|ATCHISON,Atchison County
KS|BARBER,Barber County
KS|BARTON,Barton County
KS|BOURBON,Bourbon County
KS|BROWN,Brown County
KS|BUTLER,Butler County
KS|CHASE,Chase County
KS|CHAUTAUQUA,Chautauqua County
KS|CHEROKEE,Cherokee County
KS|CHEYENNE,Cheyenne County
KS|CLARK,Clark County
KS|CLAY,Clay County
KS|CLOUD,Cloud County
KS|COFFEY,Coffey County
KS|COMANCHE,Comanche County
KS|COWLEY,Cowley County
KS|CRAWFORD,Crawford County
KS|DECATUR,Decatur County
KS|DICKINSON,Dickinson County
KS|DONIPHAN,Doniphan County
KS|DOUGLAS,Douglas County
KS|EDWARDS,Edwards County
KS|ELK,Elk County
KS|ELLIS,Ellis County
KS|ELLSWORTH,Ellsworth County
KS|FINNEY,Finney County
KS|FORD,Ford County
KS|FRANKLIN,Franklin County
KS|GEARY,Geary County
KS|GOVE,Gove County
KS|GRAHAM,Graham County
KS|GRANT,Grant County
KS|GRAY,Gray County
KS|GREELEY,Greeley County
KS|GREENWOOD,Greenwood County
KS|HAMILTON,Hamilton County
KS|HARPER,Harper County
KS|HARVEY,Harvey County
KS|HASKELL,Haskell County
KS|HODGEMAN,Hodgeman County
KS|JACKSON,Jackson County
KS|JEFFERSON,Jefferson County
KS|JEWELL,Jewell County
KS|JOHNSON,Johnson County
KS|KEARNY,Kearny County
KS|KINGMAN,Kingman County
KS|KIOWA,Kiowa County
KS|LABETTE,Labette County
KS|LANE,Lane County
KS|LEAVENWORTH,Leavenworth County
KS|LINCOLN,Lincoln County
KS|LINN,Linn County
KS|LOGAN,Logan County
KS|LYON,Lyon County
KS|MARION,Marion County
KS|MARSHALL,Marshall County
KS|MCPHERSON,McPherson County
KS|MEADE,Meade County
KS|MIAMI,Miami County
KS|MITCHELL,Mitchell County
KS|MONTGOMERY,Montgomery County
KS|MORRIS,Morris County
KS|MORTON,Morton County
KS|NEMAHA,Nemaha County
KS|NEOSHO,Neosho County
KS|NESS,Ness County
KS|NORTON,Norton County
KS|OSAGE,Osage County
KS|OSBORNE,Osborne County
KS|OTTAWA,Ottawa County
KS|PAWNEE,Pawnee County
KS|PHILLIPS,Phillips County
KS|POTTAWATOMIE,Pottawatomie County
KS|PRATT,Pratt County
KS|RAWLINS,Rawlins County
KS|RENO,Reno County
KS|REPUBLIC,Republic County
KS|RICE,Rice County
KS|RILEY,Riley County
KS|ROOKS,Rooks County
KS|RUSH,Rush County
KS|RUSSELL,Russell County
KS|SALINE,Saline County
KS|SCOTT,Scott County
KS|SEDGWICK,Sedgwick County
KS|SEWARD,Seward County
KS|SHAWNEE,Shawnee County
KS|SHERIDAN,Sheridan County
KS|SHERMAN,Sherman County
KS|SMITH,Smith County
KS|STAFFORD,Stafford County
KS|STANTON,Stanton County
KS|STEVENS,Stevens County
KS|SUMNER,Sumner County
KS|THOMAS,Thomas County
KS|TREGO,Trego County
KS|WABAUNSEE,Wabaunsee County
KS|WALLACE,Wallace County
KS|WASHINGTON,Washington County
KS|WICHITA,Wichita County
KS|WILSON,Wilson County
KS|WOODSON,Woodson County
KS|WYANDOTTE,Wyandotte County
KY|ADAIR,Adair County
KY|ALLEN,Allen County
KY|ANDERSON,Anderson County
KY|BALLARD,Ballard County
KY|BARREN,Barren County
KY|BATH,Bath County
KY|BELL,Bell County
KY|BOONE,Boone County
KY|BOURBON,Bourbon County
KY|BOYD,Boyd County
KY|BOYLE,Boyle County
KY|BRACKEN,Bracken County
KY|BREATHITT,Breathitt County
KY|BRECKINRIDGE,Breckinridge County
KY|BULLITT,Bullitt County
KY|BUTLER,Butler County
KY|CALDWELL,Caldwell County
KY|CALLOWAY,Calloway County
KY|CAMPBELL,Campbell County
KY|CARLISLE,Carlisle County
KY|CARROLL,Carroll County
KY|CARTER,Carter County
KY|CASEY,Casey County
KY|CHRISTIAN,Christian County
KY|CLARK,Clark County
KY|CLAY,Clay County
KY|CLINTON,Clinton County
KY|CRITTENDEN,Crittenden County
KY|CUMBERLAND,Cumberland County
KY|DAVIESS,Daviess County
KY|EDMONSON,Edmonson County
KY|ELLIOTT,Elliott County
KY|ESTILL,Estill County
KY|FAYETTE,Fayette County
KY|FLEMING,Fleming County
KY|FLOYD,Floyd County
KY|FRANKLIN,Franklin County
KY|FULTON,Fulton County
KY|GALLATIN,Gallatin County
KY|GARRARD,Garrard County
KY|GRANT,Grant County
KY|GRAVES,Graves County
KY|GRAYSON,Grayson County
KY|GREEN,Green County
KY|GREENUP,Greenup County
KY|HANCOCK,Hancock County
KY|HARDIN,Hardin County
KY|HARLAN,Harlan County
KY|HARRISON,Harrison County
KY|HART,Hart County
KY|HENDERSON,Henderson County
KY|HENRY,Henry County
KY|HICKMAN,Hickman County
KY|HOPKINS,Hopkins County
KY|JACKSON,Jackson County
KY|JEFFERSON,Jefferson County
KY|JESSAMINE,Jessamine County
KY|JOHNSON,Johnson County
KY|KENTON,Kenton County
KY|KNOTT,Knott County
KY|KNOX,Knox County
KY|LARUE,Larue County
KY|LAUREL,Laurel County
KY|LAWRENCE,Lawrence County
KY|LEE,Lee County
KY|LESLIE,Leslie County
KY|LETCHER,Letcher County
KY|LEWIS,Lewis County
KY|LINCOLN,Lincoln County
KY|LIVINGSTON,Livingston County
KY|LOGAN,Logan County
KY|LYON,Lyon County
KY|MADISON,Madison County
KY|MAGOFFIN,Magoffin County
KY|MARION,Marion County
KY|MARSHALL,Marshall County
KY|MARTIN,Martin County
KY|MASON,Mason County
KY|MCCRACKEN,McCracken County
KY|MCCREARY,McCreary County
KY|MCLEAN,McLean County
KY|MEADE,Meade County
KY|MENIFEE,Menifee County
KY|MERCER,Mercer County
KY|METCALFE,Metcalfe County
KY|MONROE,Monroe County
KY|MONTGOMERY,Montgomery County
KY|MORGAN,Morgan County
KY|MUHLENBERG,Muhlenberg County
KY|NELSON,Nelson County
KY|NICHOLAS,Nicholas County
KY|OHIO,Ohio County
KY|OLDHAM,Oldham County
KY|OWEN,Owen County
KY|OWSLEY,Owsley County
KY|PENDLETON,Pendleton County
KY|PERRY,Perry County
KY|PIKE,Pike County
KY|POWELL,Powell County
KY|PULASKI,Pulaski County
KY|ROBERTSON,Robertson County
KY|ROCKCASTLE,Rockcastle County
KY|ROWAN,Rowan County
KY|RUSSELL,Russell County
KY|SCOTT,Scott County
KY|SHELBY,Shelby County
KY|SIMPSON,Simpson County
KY|SPENCER,Spencer County
KY|TAYLOR,Taylor County
KY|TODD,Todd County
KY|TRIGG,Trigg County
KY|TRIMBLE,Trimble County
KY|UNION,Union County
KY|WARREN,Warren County
KY|WASHINGTON,Washington County
KY|WAYNE,Wayne County
KY|WEBSTER,Webster County
KY|WHITLEY,Whitley County
KY|WOLFE,Wolfe County
KY|WOODFORD,Woodford County
LA|ACADIA_PARISH,Acadia Parish
LA|ALLEN_PARISH,Allen Parish
LA|ASCENSION_PARISH,Ascension Parish
LA|ASSUMPTION_PARISH,Assumption Parish
LA|AVOYELLES_PARISH,Avoyelles Parish
LA|BEAUREGARD_PARISH,Beauregard Parish
LA|BIENVILLE_PARISH,Bienville Parish
LA|BOSSIER_PARISH,Bossier Parish
LA|CADDO_PARISH,Caddo Parish
LA|CALCASIEU_PARISH,Calcasieu Parish
LA|CALDWELL_PARISH,Caldwell Parish
LA|CAMERON_PARISH,Cameron Parish
LA|CATAHOULA_PARISH,Catahoula Parish
LA|CLAIBORNE_PARISH,Claiborne Parish
LA|CONCORDIA_PARISH,Concordia Parish
LA|DE_SOTO_PARISH,De Soto Parish
LA|EAST_BATON_ROUGE_PARISH,East Baton Rouge Parish
LA|EAST_CARROLL_PARISH,East Carroll Parish
LA|EAST_FELICIANA_PARISH,East Feliciana Parish
LA|EVANGELINE_PARISH,Evangeline Parish
LA|FRANKLIN_PARISH,Franklin Parish
LA|GRANT_PARISH,Grant Parish
LA|IBERIA_PARISH,Iberia Parish
LA|IBERVILLE_PARISH,Iberville Parish
LA|JACKSON_PARISH,Jackson Parish
LA|JEFFERSON_DAVIS_PARISH,Jefferson Davis Parish
LA|JEFFERSON_PARISH,Jefferson Parish
LA|LAFAYETTE_PARISH,Lafayette Parish
LA|LAFOURCHE_PARISH,Lafourche Parish
LA|LASALLE_PARISH,LaSalle Parish
LA|LINCOLN_PARISH,Lincoln Parish
LA|LIVINGSTON_PARISH,Livingston Parish
LA|MADISON_PARISH,Madison Parish
LA|MOREHOUSE_PARISH,Morehouse Parish
LA|NATCHITOCHES_PARISH,Natchitoches Parish
LA|ORLEANS_PARISH,Orleans Parish
LA|OUACHITA_PARISH,Ouachita Parish
LA|PLAQUEMINES_PARISH,Plaquemines Parish
LA|POINTE_COUPEE_PARISH,Pointe Coupee Parish
LA|RAPIDES_PARISH,Rapides Parish
LA|RED_RIVER_PARISH,Red River Parish
LA|RICHLAND_PARISH,Richland Parish
LA|SABINE_PARISH,Sabine Parish
LA|ST._BERNARD_PARISH,St. Bernard Parish
LA|ST._CHARLES_PARISH,St. Charles Parish
LA|ST._HELENA_PARISH,St. Helena Parish
LA|ST._JAMES_PARISH,St. James Parish
LA|ST._JOHN_THE_BAPTIST_PARISH,St. John the Baptist Parish
LA|ST._LANDRY_PARISH,St. Landry Parish
LA|ST._MARTIN_PARISH,St. Martin Parish
LA|ST._MARY_PARISH,St. Mary Parish
LA|ST._TAMMANY_PARISH,St. Tammany Parish
LA|TANGIPAHOA_PARISH,Tangipahoa Parish
LA|TENSAS_PARISH,Tensas Parish
LA|TERREBONNE_PARISH,Terrebonne Parish
LA|UNION_PARISH,Union Parish
LA|VERMILION_PARISH,Vermilion Parish
LA|VERNON_PARISH,Vernon Parish
LA|WASHINGTON_PARISH,Washington Parish
LA|WEBSTER_PARISH,Webster Parish
LA|WEST_BATON_ROUGE_PARISH,West Baton Rouge Parish
LA|WEST_CARROLL_PARISH,West Carroll Parish
LA|WEST_FELICIANA_PARISH,West Feliciana Parish
LA|WINN_PARISH,Winn Parish
MA|BARNSTABLE,Barnstable County
MA|BERKSHIRE,Berkshire County
MA|BRISTOL,Bristol County
MA|DUKES,Dukes County
MA|ESSEX,Essex County
MA|FRANKLIN,Franklin County
MA|HAMPDEN,Hampden County
MA|HAMPSHIRE,Hampshire County
MA|MIDDLESEX,Middlesex County
MA|NANTUCKET,Nantucket County
MA|NORFOLK,Norfolk County
MA|PLYMOUTH,Plymouth County
MA|SUFFOLK,Suffolk County
MA|WORCESTER,Worcester County
MD|ALLEGANY,Allegany County
MD|ANNE_ARUNDEL,Anne Arundel County
MD|BALTIMORE,Baltimore County
MD|BALTIMORE_CITY,Baltimore City
MD|CALVERT,Calvert County
MD|CAROLINE,Caroline County
MD|CARROLL,Carroll County
MD|CECIL,Cecil County
MD|CHARLES,Charles County
MD|DORCHESTER,Dorchester County
MD|FREDERICK,Frederick County
MD|GARRETT,Garrett County
MD|HARFORD,Harford County
MD|HOWARD,Howard County
MD|KENT,Kent County
MD|MONTGOMERY,Montgomery County
MD|PRINCE_GEORGE'S,Prince George's County
MD|QUEEN_ANNE'S,Queen Anne's County
MD|SOMERSET,Somerset County
MD|ST._MARY'S,St. Mary's County
MD|TALBOT,Talbot County
MD|WASHINGTON,Washington County
MD|WICOMICO,Wicomico County
MD|WORCESTER,Worcester County
ME|ANDROSCOGGIN,Androscoggin County
ME|AROOSTOOK,Aroostook County
ME|CUMBERLAND,Cumberland County
ME|FRANKLIN,Franklin County
ME|HANCOCK,Hancock County
ME|KENNEBEC,Kennebec County
ME|KNOX,Knox County
ME|LINCOLN,Lincoln County
ME|OXFORD,Oxford County
ME|PENOBSCOT,Penobscot County
ME|PISCATAQUIS,Piscataquis County
ME|SAGADAHOC,Sagadahoc County
ME|SOMERSET,Somerset County
ME|WALDO,Waldo County
ME|WASHINGTON,Washington County
ME|YORK,York County
MI|ALCONA,Alcona County
MI|ALGER,Alger County
MI|ALLEGAN,Allegan County
MI|ALPENA,Alpena County
MI|ANTRIM,Antrim County
MI|ARENAC,Arenac County
MI|BARAGA,Baraga County
MI|BARRY,Barry County
MI|BAY,Bay County
MI|BENZIE,Benzie County
MI|BERRIEN,Berrien County
MI|BRANCH,Branch County
MI|CALHOUN,Calhoun County
MI|CASS,Cass County
MI|CHARLEVOIX,Charlevoix County
MI|CHEBOYGAN,Cheboygan County
MI|CHIPPEWA,Chippewa County
MI|CLARE,Clare County
MI|CLINTON,Clinton County
MI|CRAWFORD,Crawford County
MI|DELTA,Delta County
MI|DICKINSON,Dickinson County
MI|EATON,Eaton County
MI|EMMET,Emmet County
MI|GENESEE,Genesee County
MI|GLADWIN,Gladwin County
MI|GOGEBIC,Gogebic County
MI|GRAND_TRAVERSE,Grand Traverse County
MI|GRATIOT,Gratiot County
MI|HILLSDALE,Hillsdale County
MI|HOUGHTON,Houghton County
MI|HURON,Huron County
MI|INGHAM,Ingham County
MI|IONIA,Ionia County
MI|IOSCO,Iosco County
MI|IRON,Iron County
MI|ISABELLA,Isabella County
MI|JACKSON,Jackson County
MI|KALAMAZOO,Kalamazoo County
MI|KALKASKA,Kalkaska County
MI|KENT,Kent County
MI|KEWEENAW,Keweenaw County
MI|LAKE,Lake County
MI|LAPEER,Lapeer County
MI|LEELANAU,Leelanau County
MI|LENAWEE,Lenawee County
MI|LIVINGSTON,Livingston County
MI|LUCE,Luce County
MI|MACKINAC,Mackinac County
MI|MACOMB,Macomb County
MI|MANISTEE,Manistee County
MI|MARQUETTE,Marquette County
MI|MASON,Mason County
MI|MECOSTA,Mecosta County
MI|MENOMINEE,Menominee County
MI|MIDLAND,Midland County
MI|MISSAUKEE,Missaukee County
MI|MONROE,Monroe County
MI|MONTCALM,Montcalm County
MI|MONTMORENCY,Montmorency County
MI|MUSKEGON,Muskegon County
MI|NEWAYGO,Newaygo County
MI|OAKLAND,Oakland County
MI|OCEANA,Oceana County
MI|OGEMAW,Ogemaw County
MI|ONTONAGON,Ontonagon County
MI|OSCEOLA,Osceola County
MI|OSCODA,Oscoda County
MI|OTSEGO,Otsego County
MI|OTTAWA,Ottawa County
MI|PRESQUE_ISLE,Presque Isle County
MI|ROSCOMMON,Roscommon County
MI|SAGINAW,Saginaw County
MI|SANILAC,Sanilac County
MI|SCHOOLCRAFT,Schoolcraft County
MI|SHIAWASSEE,Shiawassee County
MI|ST._CLAIR,St. Clair County
MI|ST._JOSEPH,St. Joseph County
MI|TUSCOLA,Tuscola County
MI|VAN_BUREN,Van Buren County
MI|WASHTENAW,Washtenaw County
MI|WAYNE,Wayne County
MI|WEXFORD,Wexford County
MN|AITKIN,Aitkin County
MN|ANOKA,Anoka County
MN|BECKER,Becker County
MN|BELTRAMI,Beltrami County
MN|BENTON,Benton County
MN|BIG_STONE,Big Stone County
MN|BLUE_EARTH,Blue Earth County
MN|BROWN,Brown County
MN|CARLTON,Carlton County
MN|CARVER,Carver County
MN|CASS,Cass County
MN|CHIPPEWA,Chippewa County
MN|CHISAGO,Chisago County
MN|CLAY,Clay County
MN|CLEARWATER,Clearwater County
MN|COOK,Cook County
MN|COTTONWOOD,Cottonwood County
MN|CROW_WING,Crow Wing County
MN|DAKOTA,Dakota County
MN|DODGE,Dodge County
MN|DOUGLAS,Douglas County
MN|FARIBAULT,Faribault County
MN|FILLMORE,Fillmore County
MN|FREEBORN,Freeborn County
MN|GOODHUE,Goodhue County
MN|GRANT,Grant County
MN|HENNEPIN,Hennepin County
MN|HOUSTON,Houston County
MN|HUBBARD,Hubbard County
MN|ISANTI,Isanti County
MN|ITASCA,Itasca County
MN|JACKSON,Jackson County
MN|KANABEC,Kanabec County
MN|KANDIYOHI,Kandiyohi County
MN|KITTSON,Kittson County
MN|KOOCHICHING,Koochiching County
MN|LAC_QUI_PARLE,Lac qui Parle County
MN|LAKE,Lake County
MN|LAKE_OF_THE_WOODS,Lake of the Woods County
MN|LE_SUEUR,Le Sueur County
MN|LINCOLN,Lincoln County
MN|LYON,Lyon County
MN|MAHNOMEN,Mahnomen County
MN|MARSHALL,Marshall County
MN|MARTIN,Martin County
MN|MCLEOD,McLeod County
MN|MEEKER,Meeker County
MN|MILLE_LACS,Mille Lacs County
MN|MORRISON,Morrison County
MN|MOWER,Mower County
MN|MURRAY,Murray County
MN|NICOLLET,Nicollet County
MN|NOBLES,Nobles County
MN|NORMAN,Norman County
MN|OLMSTED,Olmsted County
MN|OTTER_TAIL,Otter Tail County
MN|PENNINGTON,Pennington County
MN|PINE,Pine County
MN|PIPESTONE,Pipestone County
MN|POLK,Polk County
MN|POPE,Pope County
MN|RAMSEY,Ramsey County
MN|REDWOOD,Redwood County
MN|RED_LAKE,Red Lake County
MN|RENVILLE,Renville County
MN|RICE,Rice County
MN|ROCK,Rock County
MN|ROSEAU,Roseau County
MN|SCOTT,Scott County
MN|SHERBURNE,Sherburne County
MN|SIBLEY,Sibley County
MN|ST._LOUIS,St. Louis County
MN|STEARNS,Stearns County
MN|STEELE,Steele County
MN|STEVENS,Stevens County
MN|SWIFT,Swift County
MN|TODD,Todd County
MN|TRAVERSE,Traverse County
MN|WABASHA,Wabasha County
MN|WADENA,Wadena County
MN|WASECA,Waseca County
MN|WASHINGTON,Washington County
MN|WATONWAN,Watonwan County
MN|WILKIN,Wilkin County
MN|WINONA,Winona County
MN|WRIGHT,Wright County
MN|YELLOW_MEDICINE,Yellow Medicine County
MO|ADAIR,Adair County
MO|ANDREW,Andrew County
MO|ATCHISON,Atchison County
MO|AUDRAIN,Audrain County
MO|BARRY,Barry County
MO|BARTON,Barton County
MO|BATES,Bates County
MO|BENTON,Benton County
MO|BOLLINGER,Bollinger County
MO|BOONE,Boone County
MO|BUCHANAN,Buchanan County
MO|BUTLER,Butler County
MO|CALDWELL,Caldwell County
MO|CALLAWAY,Callaway County
MO|CAMDEN,Camden County
MO|CAPE_GIRARDEAU,Cape Girardeau County
MO|CARROLL,Carroll County
MO|CARTER,Carter County
MO|CASS,Cass County
MO|CEDAR,Cedar County
MO|CHARITON,Chariton County
MO|CHRISTIAN,Christian County
MO|CLARK,Clark County
MO|CLAY,Clay County
MO|CLINTON,Clinton County
MO|COLE,Cole County
MO|COOPER,Cooper County
MO|CRAWFORD,Crawford County
MO|DADE,Dade County
MO|DALLAS,Dallas County
MO|DAVIESS,Daviess County
MO|DEKALB,DeKalb County
MO|DENT,Dent County
MO|DOUGLAS,Douglas County
MO|DUNKLIN,Dunklin County
MO|FRANKLIN,Franklin County
MO|GASCONADE,Gasconade County
MO|GENTRY,Gentry County
MO|GREENE,Greene County
MO|GRUNDY,Grundy County
MO|HARRISON,Harrison County
MO|HENRY,Henry County
MO|HICKORY,Hickory County
MO|HOLT,Holt County
MO|HOWARD,Howard County
MO|HOWELL,Howell County
MO|IRON,Iron County
MO|JACKSON,Jackson County
MO|JASPER,Jasper County
MO|JEFFERSON,Jefferson County
MO|JOHNSON,Johnson County
MO|KNOX,Knox County
MO|LACLEDE,Laclede County
MO|LAFAYETTE,Lafayette County
MO|LAWRENCE,Lawrence County
MO|LEWIS,Lewis County
MO|LINCOLN,Lincoln County
MO|LINN,Linn County
MO|LIVINGSTON,Livingston County
MO|MACON,Macon County
MO|MADISON,Madison County
MO|MARIES,Maries County
MO|MARION,Marion County
MO|MCDONALD,McDonald County
MO|MERCER,Mercer County
MO|MILLER,Miller County
MO|MISSISSIPPI,Mississippi County
MO|MONITEAU,Moniteau County
MO|MONROE,Monroe County
MO|MONTGOMERY,Montgomery County
MO|MORGAN,Morgan County
MO|NEWTON,Newton County
MO|NEW_MADRID,New Madrid County
MO|NODAWAY,Nodaway County
MO|OREGON,Oregon County
MO|OSAGE,Osage County
MO|OZARK,Ozark County
MO|PEMISCOT,Pemiscot County
MO|PERRY,Perry County
MO|PETTIS,Pettis County
MO|PHELPS,Phelps County
MO|PIKE,Pike County
MO|PLATTE,Platte County
MO|POLK,Polk County
MO|PULASKI,Pulaski County
MO|PUTNAM,Putnam County
MO|RALLS,Ralls County
MO|RANDOLPH,Randolph County
MO|RAY,Ray County
MO|REYNOLDS,Reynolds County
MO|RIPLEY,Ripley County
MO|SALINE,Saline County
MO|SCHUYLER,Schuyler County
MO|SCOTLAND,Scotland County
MO|SCOTT,Scott County
MO|SHANNON,Shannon County
MO|SHELBY,Shelby County
MO|ST._CHARLES,St. Charles County
MO|ST._CLAIR,St. Clair County
MO|ST._FRANCOIS,St. Francois County
MO|ST._LOUIS,St. Louis County
MO|ST._LOUIS_CITY,St. Louis City
MO|STE._GENEVIEVE,Ste. Genevieve County
MO|STODDARD,Stoddard County
MO|STONE,Stone County
MO|SULLIVAN,Sullivan County
MO|TANEY,Taney County
MO|TEXAS,Texas County
MO|VERNON,Vernon County
MO|WARREN,Warren County
MO|WASHINGTON,Washington County
MO|WAYNE,Wayne County
MO|WEBSTER,Webster County
MO|WORTH,Worth County
MO|WRIGHT,Wright County
MS|ADAMS,Adams County
MS|ALCORN,Alcorn County
MS|AMITE,Amite County
MS|ATTALA,Attala County
MS|BENTON,Benton County
MS|BOLIVAR,Bolivar County
MS|CALHOUN,Calhoun County
MS|CARROLL,Carroll County
MS|CHICKASAW,Chickasaw County
MS|CHOCTAW,Choctaw County
MS|CLAIBORNE,Claiborne County
MS|CLARKE,Clarke County
MS|CLAY,Clay County
MS|COAHOMA,Coahoma County
MS|COPIAH,Copiah County
MS|COVINGTON,Covington County
MS|DESOTO,DeSoto County
MS|FORREST,Forrest County
MS|FRANKLIN,Franklin County
MS|GEORGE,George County
MS|GREENE,Greene County
MS|GRENADA,Grenada County
MS|HANCOCK,Hancock County
MS|HARRISON,Harrison County
MS|HINDS,Hinds County
MS|HOLMES,Holmes County
MS|HUMPHREYS,Humphreys County
MS|ISSAQUENA,Issaquena County
MS|ITAWAMBA,Itawamba County
MS|JACKSON,Jackson County
MS|JASPER,Jasper County
MS|JEFFERSON,Jefferson County
MS|JEFFERSON_DAVIS,Jefferson Davis County
MS|JONES,Jones County
MS|KEMPER,Kemper County
MS|LAFAYETTE,Lafayette County
MS|LAMAR,Lamar County
MS|LAUDERDALE,Lauderdale County
MS|LAWRENCE,Lawrence County
MS|LEAKE,Leake County
MS|LEE,Lee County
MS|LEFLORE,Leflore County
MS|LINCOLN,Lincoln County
MS|LOWNDES,Lowndes County
MS|MADISON,Madison County
MS|MARION,Marion County
MS|MARSHALL,Marshall County
MS|MONROE,Monroe County
MS|MONTGOMERY,Montgomery County
MS|NESHOBA,Neshoba County
MS|NEWTON,Newton County
MS|NOXUBEE,Noxubee County
MS|OKTIBBEHA,Oktibbeha County
MS|PANOLA,Panola County
MS|PEARL_RIVER,Pearl River County
MS|PERRY,Perry County
MS|PIKE,Pike County
MS|PONTOTOC,Pontotoc County
MS|PRENTISS,Prentiss County
MS|QUITMAN,Quitman County
MS|RANKIN,Rankin County
MS|SCOTT,Scott County
MS|SHARKEY,Sharkey County
MS|SIMPSON,Simpson County
MS|SMITH,Smith County
MS|STONE,Stone County
MS|SUNFLOWER,Sunflower County
MS|TALLAHATCHIE,Tallahatchie County
MS|TATE,Tate County
MS|TIPPAH,Tippah County
MS|TISHOMINGO,Tishomingo County
MS|TUNICA,Tunica County
MS|UNION,Union County
MS|WALTHALL,Walthall County
MS|WARREN,Warren County
MS|WASHINGTON,Washington County
MS|WAYNE,Wayne County
MS|WEBSTER,Webster County
MS|WILKINSON,Wilkinson County
MS|WINSTON,Winston County
MS|YALOBUSHA,Yalobusha County
MS|YAZOO,Yazoo County
MT|BEAVERHEAD,Beaverhead County
MT|BIG_HORN,Big Horn County
MT|BLAINE,Blaine County
MT|BROADWATER,Broadwater County
MT|CARBON,Carbon County
MT|CARTER,Carter County
MT|CASCADE,Cascade County
MT|CHOUTEAU,Chouteau County
MT|CUSTER,Custer County
MT|DANIELS,Daniels County
MT|DAWSON,Dawson County
MT|DEER_LODGE,Deer Lodge County
MT|FALLON,Fallon County
MT|FERGUS,Fergus County
MT|FLATHEAD,Flathead County
MT|GALLATIN,Gallatin County
MT|GARFIELD,Garfield County
MT|GLACIER,Glacier County
MT|GOLDEN_VALLEY,Golden Valley County
MT|GRANITE,Granite County
MT|HILL,Hill County
MT|JEFFERSON,Jefferson County
MT|JUDITH_BASIN,Judith Basin County
MT|LAKE,Lake County
MT|LEWIS_AND_CLARK,Lewis and Clark County
MT|LIBERTY,Liberty County
MT|LINCOLN,Lincoln County
MT|MADISON,Madison County
MT|MCCONE,McCone County
MT|MEAGHER,Meagher County
MT|MINERAL,Mineral County
MT|MISSOULA,Missoula County
MT|MUSSELSHELL,Musselshell County
MT|PARK,Park County
MT|PETROLEUM,Petroleum County
MT|PHILLIPS,Phillips County
MT|PONDERA,Pondera County
MT|POWDER_RIVER,Powder River County
MT|POWELL,Powell County
MT|PRAIRIE,Prairie County
MT|RAVALLI,Ravalli County
MT|RICHLAND,Richland County
MT|ROOSEVELT,Roosevelt County
MT|ROSEBUD,Rosebud County
MT|SANDERS,Sanders County
MT|SHERIDAN,Sheridan County
MT|SILVER_BOW,Silver Bow County
MT|STILLWATER,Stillwater County
MT|SWEET_GRASS,Sweet Grass County
MT|TETON,Teton County
MT|TOOLE,Toole County
MT|TREASURE,Treasure County
MT|VALLEY,Valley County
MT|WHEATLAND,Wheatland County
MT|WIBAUX,Wibaux County
MT|YELLOWSTONE,Yellowstone County
NC|ALAMANCE,Alamance County
NC|ALEXANDER,Alexander County
NC|ALLEGHANY,Alleghany County
NC|ANSON,Anson County
NC|ASHE,Ashe County
NC|AVERY,Avery County
NC|BEAUFORT,Beaufort County
NC|BERTIE,Bertie County
NC|BLADEN,Bladen County
NC|BRUNSWICK,Brunswick County
NC|BUNCOMBE,Buncombe County
NC|BURKE,Burke County
NC|CABARRUS,Cabarrus County
NC|CALDWELL,Caldwell County
NC|CAMDEN,Camden County
NC|CARTERET,Carteret County
NC|CASWELL,Caswell County
NC|CATAWBA,Catawba County
NC|CHATHAM,Chatham County
NC|CHEROKEE,Cherokee County
NC|CHOWAN,Chowan County
NC|CLAY,Clay County
NC|CLEVELAND,Cleveland County
NC|COLUMBUS,Columbus County
NC|CRAVEN,Craven County
NC|CUMBERLAND,Cumberland County
NC|CURRITUCK,Currituck County
NC|DARE,Dare County
NC|DAVIDSON,Davidson County
NC|DAVIE,Davie County
NC|DUPLIN,Duplin County
NC|DURHAM,Durham County
NC|EDGECOMBE,Edgecombe County
NC|FORSYTH,Forsyth County
NC|FRANKLIN,Franklin County
NC|GASTON,Gaston County
NC|GATES,Gates County
NC|GRAHAM,Graham County
NC|GRANVILLE,Granville County
NC|GREENE,Greene County
NC|GUILFORD,Guilford County
NC|HALIFAX,Halifax County
NC|HARNETT,Harnett County
NC|HAYWOOD,Haywood County
NC|HENDERSON,Henderson County
NC|HERTFORD,Hertford County
NC|HOKE,Hoke County
NC|HYDE,Hyde County
NC|IREDELL,Iredell County
NC|JACKSON,Jackson County
NC|JOHNSTON,Johnston County
NC|JONES,Jones County
NC|LEE,Lee County
NC|LENOIR,Lenoir County
NC|LINCOLN,Lincoln County
NC|MACON,Macon County
NC|MADISON,Madison County
NC|MARTIN,Martin County
NC|MCDOWELL,McDowell County
NC|MECKLENBURG,Mecklenburg County
NC|MITCHELL,Mitchell County
NC|MONTGOMERY,Montgomery County
NC|MOORE,Moore County
NC|NASH,Nash County
NC|NEW_HANOVER,New Hanover County
NC|NORTHAMPTON,Northampton County
NC|ONSLOW,Onslow County
NC|ORANGE,Orange County
NC|PAMLICO,Pamlico County
NC|PASQUOTANK,Pasquotank County
NC|PENDER,Pender County
NC|PERQUIMANS,Perquimans County
NC|PERSON,Person County
NC|PITT,Pitt County
NC|POLK,Polk County
NC|RANDOLPH,Randolph County
NC|RICHMOND,Richmond County
NC|ROBESON,Robeson County
NC|ROCKINGHAM,Rockingham County
NC|ROWAN,Rowan County
NC|RUTHERFORD,Rutherford County
NC|SAMPSON,Sampson County
NC|SCOTLAND,Scotland County
NC|STANLY,Stanly County
NC|STOKES,Stokes County
NC|SURRY,Surry County
NC|SWAIN,Swain County
NC|TRANSYLVANIA,Transylvania County
NC|TYRRELL,Tyrrell County
NC|UNION,Union County
NC|VANCE,Vance County
NC|WAKE,Wake County
NC|WARREN,Warren County
NC|WASHINGTON,Washington County
NC|WATAUGA,Watauga County
NC|WAYNE,Wayne County
NC|WILKES,Wilkes County
NC|WILSON,Wilson County
NC|YADKIN,Yadkin County
NC|YANCEY,Yancey County
ND|ADAMS,Adams County
ND|BARNES,Barnes County
ND|BENSON,Benson County
ND|BILLINGS,Billings County
ND|BOTTINEAU,Bottineau County
ND|BOWMAN,Bowman County
ND|BURKE,Burke County
ND|BURLEIGH,Burleigh County
ND|CASS,Cass County
ND|CAVALIER,Cavalier County
ND|DICKEY,Dickey County
ND|DIVIDE,Divide County
ND|DUNN,Dunn County
ND|EDDY,Eddy County
ND|EMMONS,Emmons County
ND|FOSTER,Foster County
ND|GOLDEN_VALLEY,Golden Valley County
ND|GRAND_FORKS,Grand Forks County
ND|GRANT,Grant County
ND|GRIGGS,Griggs County
ND|HETTINGER,Hettinger County
ND|KIDDER,Kidder County
ND|LAMOURE,LaMoure County
ND|LOGAN,Logan County
ND|MCHENRY,McHenry County
ND|MCINTOSH,McIntosh County
ND|MCKENZIE,McKenzie County
ND|MCLEAN,McLean County
ND|MERCER,Mercer County
ND|MORTON,Morton County
ND|MOUNTRAIL,Mountrail County
ND|NELSON,Nelson County
ND|OLIVER,Oliver County
ND|PEMBINA,Pembina County
ND|PIERCE,Pierce County
ND|RAMSEY,Ramsey County
ND|RANSOM,Ransom County
ND|RENVILLE,Renville County
ND|RICHLAND,Richland County
ND|ROLETTE,Rolette County
ND|SARGENT,Sargent County
ND|SHERIDAN,Sheridan County
ND|SIOUX,Sioux County
ND|SLOPE,Slope County
ND|STARK,Stark County
ND|STEELE,Steele County
ND|STUTSMAN,Stutsman County
ND|TOWNER,Towner County
ND|TRAILL,Traill County
ND|WALSH,Walsh County
ND|WARD,Ward County
ND|WELLS,Wells County
ND|WILLIAMS,Williams County
NE|ADAMS,Adams County
NE|ANTELOPE,Antelope County
NE|ARTHUR,Arthur County
NE|BANNER,Banner County
NE|BLAINE,Blaine County
NE|BOONE,Boone County
NE|BOX_BUTTE,Box Butte County
NE|BOYD,Boyd County
NE|BROWN,Brown County
NE|BUFFALO,Buffalo County
NE|BURT,Burt County
NE|BUTLER,Butler County
NE|CASS,Cass County
NE|CEDAR,Cedar County
NE|CHASE,Chase County
NE|CHERRY,Cherry County
NE|CHEYENNE,Cheyenne County
NE|CLAY,Clay County
NE|COLFAX,Colfax County
NE|CUMING,Cuming County
NE|CUSTER,Custer County
NE|DAKOTA,Dakota County
NE|DAWES,Dawes County
NE|DAWSON,Dawson County
NE|DEUEL,Deuel County
NE|DIXON,Dixon County
NE|DODGE,Dodge County
NE|DOUGLAS,Douglas County
NE|DUNDY,Dundy County
NE|FILLMORE,Fillmore County
NE|FRANKLIN,Franklin County
NE|FRONTIER,Frontier County
NE|FURNAS,Furnas County
NE|GAGE,Gage County
NE|GARDEN,Garden County
NE|GARFIELD,Garfield County
NE|GOSPER,Gosper County
NE|GRANT,Grant County
NE|GREELEY,Greeley County
NE|HALL,Hall County
NE|HAMILTON,Hamilton County
NE|HARLAN,Harlan County
NE|HAYES,Hayes County
NE|HITCHCOCK,Hitchcock County
NE|HOLT,Holt County
NE|HOOKER,Hooker County
NE|HOWARD,Howard County
NE|JEFFERSON,Jefferson County
NE|JOHNSON,Johnson County
NE|KEARNEY,Kearney County
NE|KEITH,Keith County
NE|KEYA_PAHA,Keya Paha County
NE|KIMBALL,Kimball County
NE|KNOX,Knox County
NE|LANCASTER,Lancaster County
NE|LINCOLN,Lincoln County
NE|LOGAN,Logan County
NE|LOUP,Loup County
NE|MADISON,Madison County
NE|MCPHERSON,McPherson County
NE|MERRICK,Merrick County
NE|MORRILL,Morrill County
NE|NANCE,Nance County
NE|NEMAHA,Nemaha County
NE|NUCKOLLS,Nuckolls County
NE|OTOE,Otoe County
NE|PAWNEE,Pawnee County
NE|PERKINS,Perkins County
NE|PHELPS,Phelps County
NE|PIERCE,Pierce County
NE|PLATTE,Platte County
NE|POLK,Polk County
NE|RED_WILLOW,Red Willow County
NE|RICHARDSON,Richardson County
NE|ROCK,Rock County
NE|SALINE,Saline County
NE|SARPY,Sarpy County
NE|SAUNDERS,Saunders County
NE|SCOTTS_BLUFF,Scotts Bluff County
NE|SEWARD,Seward County
NE|SHERIDAN,Sheridan County
NE|SHERMAN,Sherman County
NE|SIOUX,Sioux County
NE|STANTON,Stanton County
NE|THAYER,Thayer County
NE|THOMAS,Thomas County
NE|THURSTON,Thurston County
NE|VALLEY,Valley County
NE|WASHINGTON,Washington County
NE|WAYNE,Wayne County
NE|WEBSTER,Webster County
NE|WHEELER,Wheeler County
NE|YORK,York County
NH|BELKNAP,Belknap County
NH|CARROLL,Carroll County
NH|CHESHIRE,Cheshire County
NH|COOS,Coos County
NH|GRAFTON,Grafton County
NH|HILLSBOROUGH,Hillsborough County
NH|MERRIMACK,Merrimack County
NH|ROCKINGHAM,Rockingham County
NH|STRAFFORD,Strafford County
NH|SULLIVAN,Sullivan County
NJ|ATLANTIC,Atlantic County
NJ|BERGEN,Bergen County
NJ|BURLINGTON,Burlington County
NJ|CAMDEN,Camden County
NJ|CAPE_MAY,Cape May County
NJ|CUMBERLAND,Cumberland County
NJ|ESSEX,Essex County
NJ|GLOUCESTER,Gloucester County
NJ|HUDSON,Hudson County
NJ|HUNTERDON,Hunterdon County
NJ|MERCER,Mercer County
NJ|MIDDLESEX,Middlesex County
NJ|MONMOUTH,Monmouth County
NJ|MORRIS,Morris County
NJ|OCEAN,Ocean County
NJ|PASSAIC,Passaic County
NJ|SALEM,Salem County
NJ|SOMERSET,Somerset County
NJ|SUSSEX,Sussex County
NJ|UNION,Union County
NJ|WARREN,Warren County
NM|BERNALILLO,Bernalillo County
NM|CATRON,Catron County
NM|CHAVES,Chaves County
NM|CIBOLA,Cibola County
NM|COLFAX,Colfax County
NM|CURRY,Curry County
NM|DE_BACA,De Baca County
NM|DONA_ANA,Doña Ana County
NM|EDDY,Eddy County
NM|GRANT,Grant County
NM|GUADALUPE,Guadalupe County
NM|HARDING,Harding County
NM|HIDALGO,Hidalgo County
NM|LEA,Lea County
NM|LINCOLN,Lincoln County
NM|LOS_ALAMOS,Los Alamos County
NM|LUNA,Luna County
NM|MCKINLEY,McKinley County
NM|MORA,Mora County
NM|OTERO,Otero County
NM|QUAY,Quay County
NM|RIO_ARRIBA,Rio Arriba County
NM|ROOSEVELT,Roosevelt County
NM|SANDOVAL,Sandoval County
NM|SANTA_FE,Santa Fe County
NM|SAN_JUAN,San Juan County
NM|SAN_MIGUEL,San Miguel County
NM|SIERRA,Sierra County
NM|SOCORRO,Socorro County
NM|TAOS,Taos County
NM|TORRANCE,Torrance County
NM|UNION,Union County
NM|VALENCIA,Valencia County
NV|CARSON_CITY,Carson City
NV|CHURCHILL,Churchill County
NV|CLARK,Clark County
NV|DOUGLAS,Douglas County
NV|ELKO,Elko County
NV|ESMERALDA,Esmeralda County
NV|EUREKA,Eureka County
NV|HUMBOLDT,Humboldt County
NV|LANDER,Lander County
NV|LINCOLN,Lincoln County
NV|LYON,Lyon County
NV|MINERAL,Mineral County
NV|NYE,Nye County
NV|PERSHING,Pershing County
NV|STOREY,Storey County
NV|WASHOE,Washoe County
NV|WHITE_PINE,White Pine County
NY|ALBANY,Albany County
NY|ALLEGANY,Allegany County
NY|BRONX,Bronx County
NY|BROOME,Broome County
NY|CATTARAUGUS,Cattaraugus County
NY|CAYUGA,Cayuga County
NY|CHAUTAUQUA,Chautauqua County
NY|CHEMUNG,Chemung County
NY|CHENANGO,Chenango County
NY|CLINTON,Clinton County
NY|COLUMBIA,Columbia County
NY|CORTLAND,Cortland County
NY|DELAWARE,Delaware County
NY|DUTCHESS,Dutchess County
NY|ERIE,Erie County
NY|ESSEX,Essex County
NY|FRANKLIN,Franklin County
NY|FULTON,Fulton County
NY|GENESEE,Genesee County
NY|GREENE,Greene County
NY|HAMILTON,Hamilton County
NY|HERKIMER,Herkimer County
NY|JEFFERSON,Jefferson County
NY|KINGS,Kings County
NY|LEWIS,Lewis County
NY|LIVINGSTON,Livingston County
NY|MADISON,Madison County
NY|MONROE,Monroe County
NY|MONTGOMERY,Montgomery County
NY|NASSAU,Nassau County
NY|NEW_YORK,New York County
NY|NIAGARA,Niagara County
NY|ONEIDA,Oneida County
NY|ONONDAGA,Onondaga County
NY|ONTARIO,Ontario County
NY|ORANGE,Orange County
NY|ORLEANS,Orleans County
NY|OSWEGO,Oswego County
NY|OTSEGO,Otsego County
NY|PUTNAM,Putnam County
NY|QUEENS,Queens County
NY|RENSSELAER,Rensselaer County
NY|RICHMOND,Richmond County
NY|ROCKLAND,Rockland County
NY|SARATOGA,Saratoga County
NY|SCHENECTADY,Schenectady County
NY|SCHOHARIE,Schoharie County
NY|SCHUYLER,Schuyler County
NY|SENECA,Seneca County
NY|ST._LAWRENCE,St. Lawrence County
NY|STEUBEN,Steuben County
NY|SUFFOLK,Suffolk County
NY|SULLIVAN,Sullivan County
NY|TIOGA,Tioga County
NY|TOMPKINS,Tompkins County
NY|ULSTER,Ulster County
NY|WARREN,Warren County
NY|WASHINGTON,Washington County
NY|WAYNE,Wayne County
NY|WESTCHESTER,Westchester County
NY|WYOMING,Wyoming County
NY|YATES,Yates County
OH|ADAMS,Adams County
OH|ALLEN,Allen County
OH|ASHLAND,Ashland County
OH|ASHTABULA,Ashtabula County
OH|ATHENS,Athens County
OH|AUGLAIZE,Auglaize County
OH|BELMONT,Belmont County
OH|BROWN,Brown County
OH|BUTLER,Butler County
OH|CARROLL,Carroll County
OH|CHAMPAIGN,Champaign County
OH|CLARK,Clark County
OH|CLERMONT,Clermont County
OH|CLINTON,Clinton County
OH|COLUMBIANA,Columbiana County
OH|COSHOCTON,Coshocton County
OH|CRAWFORD,Crawford County
OH|CUYAHOGA,Cuyahoga County
OH|DARKE,Darke County
OH|DEFIANCE,Defiance County
OH|DELAWARE,Delaware County
OH|ERIE,Erie County
OH|FAIRFIELD,Fairfield County
OH|FAYETTE,Fayette County
OH|FRANKLIN,Franklin County
OH|FULTON,Fulton County
OH|GALLIA,Gallia County
OH|GEAUGA,Geauga County
OH|GREENE,Greene County
OH|GUERNSEY,Guernsey County
OH|HAMILTON,Hamilton County
OH|HANCOCK,Hancock County
OH|HARDIN,Hardin County
OH|HARRISON,Harrison County
OH|HENRY,Henry County
OH|HIGHLAND,Highland County
OH|HOCKING,Hocking County
OH|HOLMES,Holmes County
OH|HURON,Huron County
OH|JACKSON,Jackson County
OH|JEFFERSON,Jefferson County
OH|KNOX,Knox County
OH|LAKE,Lake County
OH|LAWRENCE,Lawrence County
OH|LICKING,Licking County
OH|LOGAN,Logan County
OH|LORAIN,Lorain County
OH|LUCAS,Lucas County
OH|MADISON,Madison County
OH|MAHONING,Mahoning County
OH|MARION,Marion County
OH|MEDINA,Medina County
OH|MEIGS,Meigs County
OH|MERCER,Mercer County
OH|MIAMI,Miami County
OH|MONROE,Monroe County
OH|MONTGOMERY,Montgomery County
OH|MORGAN,Morgan County
OH|MORROW,Morrow County
OH|MUSKINGUM,Muskingum County
OH|NOBLE,Noble County
OH|OTTAWA,Ottawa County
OH|PAULDING,Paulding County
OH|PERRY,Perry County
OH|PICKAWAY,Pickaway County
OH|PIKE,Pike County
OH|PORTAGE,Portage County
OH|PREBLE,Preble County
OH|PUTNAM,Putnam County
OH|RICHLAND,Richland County
OH|ROSS,Ross County
OH|SANDUSKY,Sandusky County
OH|SCIOTO,Scioto County
OH|SENECA,Seneca County
OH|SHELBY,Shelby County
OH|STARK,Stark County
OH|SUMMIT,Summit County
OH|TRUMBULL,Trumbull County
OH|TUSCARAWAS,Tuscarawas County
OH|UNION,Union County
OH|VAN_WERT,Van Wert County
OH|VINTON,Vinton County
OH|WARREN,Warren County
OH|WASHINGTON,Washington County
OH|WAYNE,Wayne County
OH|WILLIAMS,Williams County
OH|WOOD,Wood County
OH|WYANDOT,Wyandot County
OK|ADAIR,Adair County
OK|ALFALFA,Alfalfa County
OK|ATOKA,Atoka County
OK|BEAVER,Beaver County
OK|BECKHAM,Beckham County
OK|BLAINE,Blaine County
OK|BRYAN,Bryan County
OK|CADDO,Caddo County
OK|CANADIAN,Canadian County
OK|CARTER,Carter County
OK|CHEROKEE,Cherokee County
OK|CHOCTAW,Choctaw County
OK|CIMARRON,Cimarron County
OK|CLEVELAND,Cleveland County
OK|COAL,Coal County
OK|COMANCHE,Comanche County
OK|COTTON,Cotton County
OK|CRAIG,Craig County
OK|CREEK,Creek County
OK|CUSTER,Custer County
OK|DELAWARE,Delaware County
OK|DEWEY,Dewey County
OK|ELLIS,Ellis County
OK|GARFIELD,Garfield County
OK|GARVIN,Garvin County
OK|GRADY,Grady County
OK|GRANT,Grant County
OK|GREER,Greer County
OK|HARMON,Harmon County
OK|HARPER,Harper County
OK|HASKELL,Haskell County
OK|HUGHES,Hughes County
OK|JACKSON,Jackson County
OK|JEFFERSON,Jefferson County
OK|JOHNSTON,Johnston County
OK|KAY,Kay County
OK|KINGFISHER,Kingfisher County
OK|KIOWA,Kiowa County
OK|LATIMER,Latimer County
OK|LE_FLORE,Le Flore County
OK|LINCOLN,Lincoln County
OK|LOGAN,Logan County
OK|LOVE,Love County
OK|MAJOR,Major County
OK|MARSHALL,Marshall County
OK|MAYES,Mayes County
OK|MCCLAIN,McClain County
OK|MCCURTAIN,McCurtain County
OK|MCINTOSH,McIntosh County
OK|MURRAY,Murray County
OK|MUSKOGEE,Muskogee County
OK|NOBLE,Noble County
OK|NOWATA,Nowata County
OK|OKFUSKEE,Okfuskee County
OK|OKLAHOMA,Oklahoma County
OK|OKMULGEE,Okmulgee County
OK|OSAGE,Osage County
OK|OTTAWA,Ottawa County
OK|PAWNEE,Pawnee County
OK|PAYNE,Payne County
OK|PITTSBURG,Pittsburg County
OK|PONTOTOC,Pontotoc County
OK|POTTAWATOMIE,Pottawatomie County
OK|PUSHMATAHA,Pushmataha County
OK|ROGERS,Rogers County
OK|ROGER_MILLS,Roger Mills County
OK|SEMINOLE,Seminole County
OK|SEQUOYAH,Sequoyah County
OK|STEPHENS,Stephens County
OK|TEXAS,Texas County
OK|TILLMAN,Tillman County
OK|TULSA,Tulsa County
OK|WAGONER,Wagoner County
OK|WASHINGTON,Washington County
OK|WASHITA,Washita County
OK|WOODS,Woods County
OK|WOODWARD,Woodward County
OR|BAKER,Baker County
OR|BENTON,Benton County
OR|CLACKAMAS,Clackamas County
OR|CLATSOP,Clatsop County
OR|COLUMBIA,Columbia County
OR|COOS,Coos County
OR|CROOK,Crook County
OR|CURRY,Curry County
OR|DESCHUTES,Deschutes County
OR|DOUGLAS,Douglas County
OR|GILLIAM,Gilliam County
OR|GRANT,Grant County
OR|HARNEY,Harney County
OR|HOOD_RIVER,Hood River County
OR|JACKSON,Jackson County
OR|JEFFERSON,Jefferson County
OR|JOSEPHINE,Josephine County
OR|KLAMATH,Klamath County
OR|LAKE,Lake County
OR|LANE,Lane County
OR|LINCOLN,Lincoln County
OR|LINN,Linn County
OR|MALHEUR,Malheur County
OR|MARION,Marion County
OR|MORROW,Morrow County
OR|MULTNOMAH,Multnomah County
OR|POLK,Polk County
OR|SHERMAN,Sherman County
OR|TILLAMOOK,Tillamook County
OR|UMATILLA,Umatilla County
OR|UNION,Union County
OR|WALLOWA,Wallowa County
OR|WASCO,Wasco County
OR|WASHINGTON,Washington County
OR|WHEELER,Wheeler County
OR|YAMHILL,Yamhill County
PA|ADAMS,Adams County
PA|ALLEGHENY,Allegheny County
PA|ARMSTRONG,Armstrong County
PA|BEAVER,Beaver County
PA|BEDFORD,Bedford County
PA|BERKS,Berks County
PA|BLAIR,Blair County
PA|BRADFORD,Bradford County
PA|BUCKS,Bucks County
PA|BUTLER,Butler County
PA|CAMBRIA,Cambria County
PA|CAMERON,Cameron County
PA|CARBON,Carbon County
PA|CENTRE,Centre County
PA|CHESTER,Chester County
PA|CLARION,Clarion County
PA|CLEARFIELD,Clearfield County
PA|CLINTON,Clinton County
PA|COLUMBIA,Columbia County
PA|CRAWFORD,Crawford County
PA|CUMBERLAND,Cumberland County
PA|DAUPHIN,Dauphin County
PA|DELAWARE,Delaware County
PA|ELK,Elk County
PA|ERIE,Erie County
PA|FAYETTE,Fayette County
PA|FOREST,Forest County
PA|FRANKLIN,Franklin County
PA|FULTON,Fulton County
PA|GREENE,Greene County
PA|HUNTINGDON,Huntingdon County
PA|INDIANA,Indiana County
PA|JEFFERSON,Jefferson County
PA|JUNIATA,Juniata County
PA|LACKAWANNA,Lackawanna County
PA|LANCASTER,Lancaster County
PA|LAWRENCE,Lawrence County
PA|LEBANON,Lebanon County
PA|LEHIGH,Lehigh County
PA|LUZERNE,Luzerne County
PA|LYCOMING,Lycoming County
PA|MCKEAN,McKean County
PA|MERCER,Mercer County
PA|MIFFLIN,Mifflin County
PA|MONROE,Monroe County
PA|MONTGOMERY,Montgomery County
PA|MONTOUR,Montour County
PA|NORTHAMPTON,Northampton County
PA|NORTHUMBERLAND,Northumberland County
PA|PERRY,Perry County
PA|PHILADELPHIA,Philadelphia County
PA|PIKE,Pike County
PA|POTTER,Potter County
PA|SCHUYLKILL,Schuylkill County
PA|SNYDER,Snyder County
PA|SOMERSET,Somerset County
PA|SULLIVAN,Sullivan County
PA|SUSQUEHANNA,Susquehanna County
PA|TIOGA,Tioga County
PA|UNION,Union County
PA|VENANGO,Venango County
PA|WARREN,Warren County
PA|WASHINGTON,Washington County
PA|WAYNE,Wayne County
PA|WESTMORELAND,Westmoreland County
PA|WYOMING,Wyoming County
PA|YORK,York County
RI|BRISTOL,Bristol County
RI|KENT,Kent County
RI|NEWPORT,Newport County
RI|PROVIDENCE,Providence County
RI|WASHINGTON,Washington County
SC|ABBEVILLE,Abbeville County
SC|AIKEN,Aiken County
SC|ALLENDALE,Allendale County
SC|ANDERSON,Anderson County
SC|BAMBERG,Bamberg County
SC|BARNWELL,Barnwell County
SC|BEAUFORT,Beaufort County
SC|BERKELEY,Berkeley County
SC|CALHOUN,Calhoun County
SC|CHARLESTON,Charleston County
SC|CHEROKEE,Cherokee County
SC|CHESTER,Chester County
SC|CHESTERFIELD,Chesterfield County
SC|CLARENDON,Clarendon County
SC|COLLETON,Colleton County
SC|DARLINGTON,Darlington County
SC|DILLON,Dillon County
SC|DORCHESTER,Dorchester County
SC|EDGEFIELD,Edgefield County
SC|FAIRFIELD,Fairfield County
SC|FLORENCE,Florence County
SC|GEORGETOWN,Georgetown County
SC|GREENVILLE,Greenville County
SC|GREENWOOD,Greenwood County
SC|HAMPTON,Hampton County
SC|HORRY,Horry County
SC|JASPER,Jasper County
SC|KERSHAW,Kershaw County
SC|LANCASTER,Lancaster County
SC|LAURENS,Laurens County
SC|LEE,Lee County
SC|LEXINGTON,Lexington County
SC|MARION,Marion County
SC|MARLBORO,Marlboro County
SC|MCCORMICK,McCormick County
SC|NEWBERRY,Newberry County
SC|OCONEE,Oconee County
SC|ORANGEBURG,Orangeburg County
SC|PICKENS,Pickens County
SC|RICHLAND,Richland County
SC|SALUDA,Saluda County
SC|SPARTANBURG,Spartanburg County
SC|SUMTER,Sumter County
SC|UNION,Union County
SC|WILLIAMSBURG,Williamsburg County
SC|YORK,York County
SD|AURORA,Aurora County
SD|BEADLE,Beadle County
SD|BENNETT,Bennett County
SD|BON_HOMME,Bon Homme County
SD|BROOKINGS,Brookings County
SD|BROWN,Brown County
SD|BRULE,Brule County
SD|BUFFALO,Buffalo County
SD|BUTTE,Butte County
SD|CAMPBELL,Campbell County
SD|CHARLES_MIX,Charles Mix County
SD|CLARK,Clark County
SD|CLAY,Clay County
SD|CODINGTON,Codington County
SD|CORSON,Corson County
SD|CUSTER,Custer County
SD|DAVISON,Davison County
SD|DAY,Day County
SD|DEUEL,Deuel County
SD|DEWEY,Dewey County
SD|DOUGLAS,Douglas County
SD|EDMUNDS,Edmunds County
SD|FALL_RIVER,Fall River County
SD|FAULK,Faulk County
SD|GRANT,Grant County
SD|GREGORY,Gregory County
SD|HAAKON,Haakon County
SD|HAMLIN,Hamlin County
SD|HAND,Hand County
SD|HANSON,Hanson County
SD|HARDING,Harding County
SD|HUGHES,Hughes County
SD|HUTCHINSON,Hutchinson County
SD|HYDE,Hyde County
SD|JACKSON,Jackson County
SD|JERAULD,Jerauld County
SD|JONES,Jones County
SD|KINGSBURY,Kingsbury County
SD|LAKE,Lake County
SD|LAWRENCE,Lawrence County
SD|LINCOLN,Lincoln County
SD|LYMAN,Lyman County
SD|MARSHALL,Marshall County
SD|MCCOOK,McCook County
SD|MCPHERSON,McPherson County
SD|MEADE,Meade County
SD|MELLETTE,Mellette County
SD|MINER,Miner County
SD|MINNEHAHA,Minnehaha County
SD|MOODY,Moody County
SD|OGLALA_LAKOTA,Oglala Lakota County
SD|PENNINGTON,Pennington County
SD|PERKINS,Perkins County
SD|POTTER,Potter County
SD|ROBERTS,Roberts County
SD|SANBORN,Sanborn County
SD|SPINK,Spink County
SD|STANLEY,Stanley County
SD|SULLY,Sully County
SD|TODD,Todd County
SD|TRIPP,Tripp County
SD|TURNER,Turner County
SD|UNION,Union County
SD|WALWORTH,Walworth County
SD|YANKTON,Yankton County
SD|ZIEBACH,Ziebach County
TN|ANDERSON,Anderson County
TN|BEDFORD,Bedford County
TN|BENTON,Benton County
TN|BLEDSOE,Bledsoe County
TN|BLOUNT,Blount County
TN|BRADLEY,Bradley County
TN|CAMPBELL,Campbell County
TN|CANNON,Cannon County
TN|CARROLL,Carroll County
TN|CARTER,Carter County
TN|CHEATHAM,Cheatham County
TN|CHESTER,Chester County
TN|CLAIBORNE,Claiborne County
TN|CLAY,Clay County
TN|COCKE,Cocke County
TN|COFFEE,Coffee County
TN|CROCKETT,Crockett County
TN|CUMBERLAND,Cumberland County
TN|DAVIDSON,Davidson County
TN|DECATUR,Decatur County
TN|DEKALB,DeKalb County
TN|DICKSON,Dickson County
TN|DYER,Dyer County
TN|FAYETTE,Fayette County
TN|FENTRESS,Fentress County
TN|FRANKLIN,Franklin County
TN|GIBSON,Gibson County
TN|GILES,Giles County
TN|GRAINGER,Grainger County
TN|GREENE,Greene County
TN|GRUNDY,Grundy County
TN|HAMBLEN,Hamblen County
TN|HAMILTON,Hamilton County
TN|HANCOCK,Hancock County
TN|HARDEMAN,Hardeman County
TN|HARDIN,Hardin County
TN|HAWKINS,Hawkins County
TN|HAYWOOD,Haywood County
TN|HENDERSON,Henderson County
TN|HENRY,Henry County
TN|HICKMAN,Hickman County
TN|HOUSTON,Houston County
TN|HUMPHREYS,Humphreys County
TN|JACKSON,Jackson County
TN|JEFFERSON,Jefferson County
TN|JOHNSON,Johnson County
TN|KNOX,Knox County
TN|LAKE,Lake County
TN|LAUDERDALE,Lauderdale County
TN|LAWRENCE,Lawrence County
TN|LEWIS,Lewis County
TN|LINCOLN,Lincoln County
TN|LOUDON,Loudon County
TN|MACON,Macon County
TN|MADISON,Madison County
TN|MARION,Marion County
TN|MARSHALL,Marshall County
TN|MAURY,Maury County
TN|MCMINN,McMinn County
TN|MCNAIRY,McNairy County
TN|MEIGS,Meigs County
TN|MONROE,Monroe County
TN|MONTGOMERY,Montgomery County
TN|MOORE,Moore County
TN|MORGAN,Morgan County
TN|OBION,Obion County
TN|OVERTON,Overton County
TN|PERRY,Perry County
TN|PICKETT,Pickett County
TN|POLK,Polk County
TN|PUTNAM,Putnam County
TN|RHEA,Rhea County
TN|ROANE,Roane County
TN|ROBERTSON,Robertson County
TN|RUTHERFORD,Rutherford County
TN|SCOTT,Scott County
TN|SEQUATCHIE,Sequatchie County
TN|SEVIER,Sevier County
TN|SHELBY,Shelby County
TN|SMITH,Smith County
TN|STEWART,Stewart County
TN|SULLIVAN,Sullivan County
TN|SUMNER,Sumner County
TN|TIPTON,Tipton County
TN|TROUSDALE,Trousdale County
TN|UNICOI,Unicoi County
TN|UNION,Union County
TN|VAN_BUREN,Van Buren County
TN|WARREN,Warren County
TN|WASHINGTON,Washington County
TN|WAYNE,Wayne County
TN|WEAKLEY,Weakley County
TN|WHITE,White County
TN|WILLIAMSON,Williamson County
TN|WILSON,Wilson County
TX|ANDERSON,Anderson County
TX|ANDREWS,Andrews County
TX|ANGELINA,Angelina County
TX|ARANSAS,Aransas County
TX|ARCHER,Archer County
TX|ARMSTRONG,Armstrong County
TX|ATASCOSA,Atascosa County
TX|AUSTIN,Austin County
TX|BAILEY,Bailey County
TX|BANDERA,Bandera County
TX|BASTROP,Bastrop County
TX|BAYLOR,Baylor County
TX|BEE,Bee County
TX|BELL,Bell County
TX|BEXAR,Bexar County
TX|BLANCO,Blanco County
TX|BORDEN,Borden County
TX|BOSQUE,Bosque County
TX|BOWIE,Bowie County
TX|BRAZORIA,Brazoria County
TX|BRAZOS,Brazos County
TX|BREWSTER,Brewster County
TX|BRISCOE,Briscoe County
TX|BROOKS,Brooks County
TX|BROWN,Brown County
TX|BURLESON,Burleson County
TX|BURNET,Burnet County
TX|CALDWELL,Caldwell County
TX|CALHOUN,Calhoun County
TX|CALLAHAN,Callahan County
TX|CAMERON,Cameron County
TX|CAMP,Camp County
TX|CARSON,Carson County
TX|CASS,Cass County
TX|CASTRO,Castro County
TX|CHAMBERS,Chambers County
TX|CHEROKEE,Cherokee County
TX|CHILDRESS,Childress County
TX|CLAY,Clay County
TX|COCHRAN,Cochran County
TX|COKE,Coke County
TX|COLEMAN,Coleman County
TX|COLLIN,Collin County
TX|COLLINGSWORTH,Collingsworth County
TX|COLORADO,Colorado County
TX|COMAL,Comal County
TX|COMANCHE,Comanche County
TX|CONCHO,Concho County
TX|COOKE,Cooke County
TX|CORYELL,Coryell County
TX|COTTLE,Cottle County
TX|CRANE,Crane County
TX|CROCKETT,Crockett County
TX|CROSBY,Crosby County
TX|CULBERSON,Culberson County
TX|DALLAM,Dallam County
TX|DALLAS,Dallas County
TX|DAWSON,Dawson County
TX|DEAF_SMITH,Deaf Smith County
TX|DELTA,Delta County
TX|DENTON,Denton County
TX|DEWITT,DeWitt County
TX|DICKENS,Dickens County
TX|DIMMIT,Dimmit County
TX|DONLEY,Donley County
TX|DUVAL,Duval County
TX|EASTLAND,Eastland County
TX|ECTOR,Ector County
TX|EDWARDS,Edwards County
TX|ELLIS,Ellis County
TX|EL_PASO,El Paso County
TX|ERATH,Erath County
TX|FALLS,Falls County
TX|FANNIN,Fannin County
TX|FAYETTE,Fayette County
TX|FISHER,Fisher County
TX|FLOYD,Floyd County
TX|FOARD,Foard County
TX|FORT_BEND,Fort Bend County
TX|FRANKLIN,Franklin County
TX|FREESTONE,Freestone County
TX|FRIO,Frio County
TX|GAINES,Gaines County
TX|GALVESTON,Galveston County
TX|GARZA,Garza County
TX|GILLESPIE,Gillespie County
TX|GLASSCOCK,Glasscock County
TX|GOLIAD,Goliad County
TX|GONZALES,Gonzales County
TX|GRAY,Gray County
TX|GRAYSON,Grayson County
TX|GREGG,Gregg County
TX|GRIMES,Grimes County
TX|GUADALUPE,Guadalupe County
TX|HALE,Hale County
TX|HALL,Hall County
TX|HAMILTON,Hamilton County
TX|HANSFORD,Hansford County
TX|HARDEMAN,Hardeman County
TX|HARDIN,Hardin County
TX|HARRIS,Harris County
TX|HARRISON,Harrison County
TX|HARTLEY,Hartley County
TX|HASKELL,Haskell County
TX|HAYS,Hays County
TX|HEMPHILL,Hemphill County
TX|HENDERSON,Henderson County
TX|HIDALGO,Hidalgo County
TX|HILL,Hill County
TX|HOCKLEY,Hockley County
TX|HOOD,Hood County
TX|HOPKINS,Hopkins County
TX|HOUSTON,Houston County
TX|HOWARD,Howard County
TX|HUDSPETH,Hudspeth County
TX|HUNT,Hunt County
TX|HUTCHINSON,Hutchinson County
TX|IRION,Irion County
TX|JACK,Jack County
TX|JACKSON,Jackson County
TX|JASPER,Jasper County
TX|JEFFERSON,Jefferson County
TX|JEFF_DAVIS,Jeff Davis County
TX|JIM_HOGG,Jim Hogg County
TX|JIM_WELLS,Jim Wells County
TX|JOHNSON,Johnson County
TX|JONES,Jones County
TX|KARNES,Karnes County
TX|KAUFMAN,Kaufman County
TX|KENDALL,Kendall County
TX|KENEDY,Kenedy County
TX|KENT,Kent County
TX|KERR,Kerr County
TX|KIMBLE,Kimble County
TX|KING,King County
TX|KINNEY,Kinney County
TX|KLEBERG,Kleberg County
TX|KNOX,Knox County
TX|LAMAR,Lamar County
TX|LAMB,Lamb County
TX|LAMPASAS,Lampasas County
TX|LAVACA,Lavaca County
TX|LA_SALLE,La Salle County
TX|LEE,Lee County
TX|LEON,Leon County
TX|LIBERTY,Liberty County
TX|LIMESTONE,Limestone County
TX|LIPSCOMB,Lipscomb County
TX|LIVE_OAK,Live Oak County
TX|LLANO,Llano County
TX|LOVING,Loving County
TX|LUBBOCK,Lubbock County
TX|LYNN,Lynn County
TX|MADISON,Madison County
TX|MARION,Marion County
TX|MARTIN,Martin County
TX|MASON,Mason County
TX|MATAGORDA,Matagorda County
TX|MAVERICK,Maverick County
TX|MCCULLOCH,McCulloch County
TX|MCLENNAN,McLennan County
TX|MCMULLEN,McMullen County
TX|MEDINA,Medina County
TX|MENARD,Menard County
TX|MIDLAND,Midland County
TX|MILAM,Milam County
TX|MILLS,Mills County
TX|MITCHELL,Mitchell County
TX|MONTAGUE,Montague County
TX|MONTGOMERY,Montgomery County
TX|MOORE,Moore County
TX|MORRIS,Morris County
TX|MOTLEY,Motley County
TX|NACOGDOCHES,Nacogdoches County
TX|NAVARRO,Navarro County
TX|NEWTON,Newton County
TX|NOLAN,Nolan County
TX|NUECES,Nueces County
TX|OCHILTREE,Ochiltree County
TX|OLDHAM,Oldham County
TX|ORANGE,Orange County
TX|PALO_PINTO,Palo Pinto County
TX|PANOLA,Panola County
TX|PARKER,Parker County
TX|PARMER,Parmer County
TX|PECOS,Pecos County
TX|POLK,Polk County
TX|POTTER,Potter County
TX|PRESIDIO,Presidio County
TX|RAINS,Rains County
TX|RANDALL,Randall County
TX|REAGAN,Reagan County
TX|REAL,Real County
TX|RED_RIVER,Red River County
TX|REEVES,Reeves County
TX|REFUGIO,Refugio County
TX|ROBERTS,Roberts County
TX|ROBERTSON,Robertson County
TX|ROCKWALL,Rockwall County
TX|RUNNELS,Runnels County
TX|RUSK,Rusk County
TX|SABINE,Sabine County
TX|SAN_AUGUSTINE,San Augustine County
TX|SAN_JACINTO,San Jacinto County
TX|SAN_PATRICIO,San Patricio County
TX|SAN_SABA,San Saba County
TX|SCHLEICHER,Schleicher County
TX|SCURRY,Scurry County
TX|SHACKELFORD,Shackelford County
TX|SHELBY,Shelby County
TX|SHERMAN,Sherman County
TX|SMITH,Smith County
TX|SOMERVELL,Somervell County
TX|STARR,Starr County
TX|STEPHENS,Stephens County
TX|STERLING,Sterling County
TX|STONEWALL,Stonewall County
TX|SUTTON,Sutton County
TX|SWISHER,Swisher County
TX|TARRANT,Tarrant County
TX|TAYLOR,Taylor County
TX|TERRELL,Terrell County
TX|TERRY,Terry County
TX|THROCKMORTON,Throckmorton County
TX|TITUS,Titus County
TX|TOM_GREEN,Tom Green County
TX|TRAVIS,Travis County
TX|TRINITY,Trinity County
TX|TYLER,Tyler County
TX|UPSHUR,Upshur County
TX|UPTON,Upton County
TX|UVALDE,Uvalde County
TX|VAL_VERDE,Val Verde County
TX|VAN_ZANDT,Van Zandt County
TX|VICTORIA,Victoria County
TX|WALKER,Walker County
TX|WALLER,Waller County
TX|WARD,Ward County
TX|WASHINGTON,Washington County
TX|WEBB,Webb County
TX|WHARTON,Wharton County
TX|WHEELER,Wheeler County
TX|WICHITA,Wichita County
TX|WILBARGER,Wilbarger County
TX|WILLACY,Willacy County
TX|WILLIAMSON,Williamson County
TX|WILSON,Wilson County
TX|WINKLER,Winkler County
TX|WISE,Wise County
TX|WOOD,Wood County
TX|YOAKUM,Yoakum County
TX|YOUNG,Young County
TX|ZAPATA,Zapata County
TX|ZAVALA,Zavala County
UT|BEAVER,Beaver County
UT|BOX_ELDER,Box Elder County
UT|CACHE,Cache County
UT|CARBON,Carbon County
UT|DAGGETT,Daggett County
UT|DAVIS,Davis County
UT|DUCHESNE,Duchesne County
UT|EMERY,Emery County
UT|GARFIELD,Garfield County
UT|GRAND,Grand County
UT|IRON,Iron County
UT|JUAB,Juab County
UT|KANE,Kane County
UT|MILLARD,Millard County
UT|MORGAN,Morgan County
UT|PIUTE,Piute County
UT|RICH,Rich County
UT|SALT_LAKE,Salt Lake County
UT|SANPETE,Sanpete County
UT|SAN_JUAN,San Juan County
UT|SEVIER,Sevier County
UT|SUMMIT,Summit County
UT|TOOELE,Tooele County
UT|UINTAH,Uintah County
UT|UTAH,Utah County
UT|WASATCH,Wasatch County
UT|WASHINGTON,Washington County
UT|WAYNE,Wayne County
UT|WEBER,Weber County
VA|ACCOMACK,Accomack County
VA|ALBEMARLE,Albemarle County
VA|ALEXANDRIA_CITY,Alexandria City
VA|ALLEGHANY,Alleghany County
VA|AMELIA,Amelia County
VA|AMHERST,Amherst County
VA|APPOMATTOX,Appomattox County
VA|ARLINGTON,Arlington County
VA|AUGUSTA,Augusta County
VA|BATH,Bath County
VA|BEDFORD,Bedford County
VA|BLAND,Bland County
VA|BOTETOURT,Botetourt County
VA|BRISTOL_CITY,Bristol City
VA|BRUNSWICK,Brunswick County
VA|BUCHANAN,Buchanan County
VA|BUCKINGHAM,Buckingham County
VA|BUENA_VISTA_CITY,Buena Vista City
VA|CAMPBELL,Campbell County
VA|CAROLINE,Caroline County
VA|CARROLL,Carroll County
VA|CHARLES_CITY,Charles City County
VA|CHARLOTTE,Charlotte County
VA|CHARLOTTESVILLE_CITY,Charlottesville City
VA|CHESAPEAKE_CITY,Chesapeake City
VA|CHESTERFIELD,Chesterfield County
VA|CLARKE,Clarke County
VA|COLONIAL_HEIGHTS_CITY,Colonial Heights City
VA|COVINGTON_CITY,Covington City
VA|CRAIG,Craig County
VA|CULPEPER,Culpeper County
VA|CUMBERLAND,Cumberland County
VA|DANVILLE_CITY,Danville City
VA|DICKENSON,Dickenson County
VA|DINWIDDIE,Dinwiddie County
VA|EMPORIA_CITY,Emporia City
VA|ESSEX,Essex County
VA|FAIRFAX,Fairfax County
VA|FAIRFAX_CITY,Fairfax City
VA|FALLS_CHURCH_CITY,Falls Church City
VA|FAUQUIER,Fauquier County
VA|FLOYD,Floyd County
VA|FLUVANNA,Fluvanna County
VA|FRANKLIN,Franklin County
VA|FRANKLIN_CITY,Franklin City
VA|FREDERICK,Frederick County
VA|FREDERICKSBURG_CITY,Fredericksburg City
VA|GALAX_CITY,Galax City
VA|GILES,Giles County
VA|GLOUCESTER,Gloucester County
VA|GOOCHLAND,Goochland County
VA|GRAYSON,Grayson County
VA|GREENE,Greene County
VA|GREENSVILLE,Greensville County
VA|HALIFAX,Halifax County
VA|HAMPTON_CITY,Hampton City
VA|HANOVER,Hanover County
VA|HARRISONBURG_CITY,Harrisonburg City
VA|HENRICO,Henrico County
VA|HENRY,Henry County
VA|HIGHLAND,Highland County
VA|HOPEWELL_CITY,Hopewell City
VA|ISLE_OF_WIGHT,Isle of Wight County
VA|JAMES_CITY,James City County
VA|KING_AND_QUEEN,King and Queen County
VA|KING_GEORGE,King George County
VA|KING_WILLIAM,King William County
VA|LANCASTER,Lancaster County
VA|LEE,Lee County
VA|LEXINGTON_CITY,Lexington City
VA|LOUDOUN,Loudoun County
VA|LOUISA,Louisa County
VA|LUNENBURG,Lunenburg County
VA|LYNCHBURG_CITY,Lynchburg City
VA|MADISON,Madison County
VA|MANASSAS_CITY,Manassas City
VA|MANASSAS_PARK_CITY,Manassas Park City
VA|MARTINSVILLE_CITY,Martinsville City
VA|MATHEWS,Mathews County
VA|MECKLENBURG,Mecklenburg County
VA|MIDDLESEX,Middlesex County
VA|MONTGOMERY,Montgomery County
VA|NELSON,Nelson County
VA|NEWPORT_NEWS_CITY,Newport News City
VA|NEW_KENT,New Kent County
VA|NORFOLK_CITY,Norfolk City
VA|NORTHAMPTON,Northampton County
VA|NORTHUMBERLAND,Northumberland County
VA|NORTON_CITY,Norton City
VA|NOTTOWAY,Nottoway County
VA|ORANGE,Orange County
VA|PAGE,Page County
VA|PATRICK,Patrick County
VA|PETERSBURG_CITY,Petersburg City
VA|PITTSYLVANIA,Pittsylvania County
VA|POQUOSON_CITY,Poquoson City
VA|PORTSMOUTH_CITY,Portsmouth City
VA|POWHATAN,Powhatan County
VA|PRINCE_EDWARD,Prince Edward County
VA|PRINCE_GEORGE,Prince George County
VA|PRINCE_WILLIAM,Prince William County
VA|PULASKI,Pulaski County
VA|RADFORD_CITY,Radford City
VA|RAPPAHANNOCK,Rappahannock County
VA|RICHMOND,Richmond County
VA|RICHMOND_CITY,Richmond City
VA|ROANOKE,Roanoke County
VA|ROANOKE_CITY,Roanoke City
VA|ROCKBRIDGE,Rockbridge County
VA|ROCKINGHAM,Rockingham County
VA|RUSSELL,Russell County
VA|SALEM_CITY,Salem City
VA|SCOTT,Scott County
VA|SHENANDOAH,Shenandoah County
VA|SMYTH,Smyth County
VA|SOUTHAMPTON,Southampton County
VA|SPOTSYLVANIA,Spotsylvania County
VA|STAFFORD,Stafford County
VA|STAUNTON_CITY,Staunton City
VA|SUFFOLK_CITY,Suffolk City
VA|SURRY,Surry County
VA|SUSSEX,Sussex County
VA|TAZEWELL,Tazewell County
VA|VIRGINIA_BEACH_CITY,Virginia Beach City
VA|WARREN,Warren County
VA|WASHINGTON,Washington County
VA|WAYNESBORO_CITY,Waynesboro City
VA|WESTMORELAND,Westmoreland County
VA|WILLIAMSBURG_CITY,Williamsburg City
VA|WINCHESTER_CITY,Winchester City
VA|WISE,Wise County
VA|WYTHE,Wythe County
VA|YORK,York County
VT|ADDISON,Addison County
VT|BENNINGTON,Bennington County
VT|CALEDONIA,Caledonia County
VT|CHITTENDEN,Chittenden County
VT|ESSEX,Essex County
VT|FRANKLIN,Franklin County
VT|GRAND_ISLE,Grand Isle County
VT|LAMOILLE,Lamoille County
VT|ORANGE,Orange County
VT|ORLEANS,Orleans County
VT|RUTLAND,Rutland County
VT|WASHINGTON,Washington County
VT|WINDHAM,Windham County
VT|WINDSOR,Windsor County
WA|ADAMS,Adams County
WA|ASOTIN,Asotin County
WA|BENTON,Benton County
WA|CHELAN,Chelan County
WA|CLALLAM,Clallam County
WA|CLARK,Clark County
WA|COLUMBIA,Columbia County
WA|COWLITZ,Cowlitz County
WA|DOUGLAS,Douglas County
WA|FERRY,Ferry County
WA|FRANKLIN,Franklin County
WA|GARFIELD,Garfield County
WA|GRANT,Grant County
WA|GRAYS_HARBOR,Grays Harbor County
WA|ISLAND,Island County
WA|JEFFERSON,Jefferson County
WA|KING,King County
WA|KITSAP,Kitsap County
WA|KITTITAS,Kittitas County
WA|KLICKITAT,Klickitat County
WA|LEWIS,Lewis County
WA|LINCOLN,Lincoln County
WA|MASON,Mason County
WA|OKANOGAN,Okanogan County
WA|PACIFIC,Pacific County
WA|PEND_OREILLE,Pend Oreille County
WA|PIERCE,Pierce County
WA|SAN_JUAN,San Juan County
WA|SKAGIT,Skagit County
WA|SKAMANIA,Skamania County
WA|SNOHOMISH,Snohomish County
WA|SPOKANE,Spokane County
WA|STEVENS,Stevens County
WA|THURSTON,Thurston County
WA|WAHKIAKUM,Wahkiakum County
WA|WALLA_WALLA,Walla Walla County
WA|WHATCOM,Whatcom County
WA|WHITMAN,Whitman County
WA|YAKIMA,Yakima County
WI|ADAMS,Adams County
WI|ASHLAND,Ashland County
WI|BARRON,Barron County
WI|BAYFIELD,Bayfield County
WI|BROWN,Brown County
WI|BUFFALO,Buffalo County
WI|BURNETT,Burnett County
WI|CALUMET,Calumet County
WI|CHIPPEWA,Chippewa County
WI|CLARK,Clark County
WI|COLUMBIA,Columbia County
WI|CRAWFORD,Crawford County
WI|DANE,Dane County
WI|DODGE,Dodge County
WI|DOOR,Door County
WI|DOUGLAS,Douglas County
WI|DUNN,Dunn County
WI|EAU_CLAIRE,Eau Claire County
WI|FLORENCE,Florence County
WI|FOND_DU_LAC,Fond du Lac County
WI|FOREST,Forest County
WI|GRANT,Grant County
WI|GREEN,Green County
WI|GREEN_LAKE,Green Lake County
WI|IOWA,Iowa County
WI|IRON,Iron County
WI|JACKSON,Jackson County
WI|JEFFERSON,Jefferson County
WI|JUNEAU,Juneau County
WI|KENOSHA,Kenosha County
WI|KEWAUNEE,Kewaunee County
WI|LAFAYETTE,Lafayette County
WI|LANGLADE,Langlade County
WI|LA_CROSSE,La Crosse County
WI|LINCOLN,Lincoln County
WI|MANITOWOC,Manitowoc County
WI|MARATHON,Marathon County
WI|MARINETTE,Marinette County
WI|MARQUETTE,Marquette County
WI|MENOMINEE,Menominee County
WI|MILWAUKEE,Milwaukee County
WI|MONROE,Monroe County
WI|OCONTO,Oconto County
WI|ONEIDA,Oneida County
WI|OUTAGAMIE,Outagamie County
WI|OZAUKEE,Ozaukee County
WI|PEPIN,Pepin County
WI|PIERCE,Pierce County
WI|POLK,Polk County
WI|PORTAGE,Portage County
WI|PRICE,Price County
WI|RACINE,Racine County
WI|RICHLAND,Richland County
WI|ROCK,Rock County
WI|RUSK,Rusk County
WI|SAUK,Sauk County
WI|SAWYER,Sawyer County
WI|SHAWANO,Shawano County
WI|SHEBOYGAN,Sheboygan County
WI|ST._CROIX,St. Croix County
WI|TAYLOR,Taylor County
WI|TREMPEALEAU,Trempealeau County
WI|VERNON,Vernon County
WI|VILAS,Vilas County
WI|WALWORTH,Walworth County
WI|WASHBURN,Washburn County
WI|WASHINGTON,Washington County
WI|WAUKESHA,Waukesha County
WI|WAUPACA,Waupaca County
WI|WAUSHARA,Waushara County
WI|WINNEBAGO,Winnebago County
WI|WOOD,Wood County
WV|BARBOUR,Barbour County
WV|BERKELEY,Berkeley County
WV|BOONE,Boone County
WV|BRAXTON,Braxton County
WV|BROOKE,Brooke County
WV|CABELL,Cabell County
WV|CALHOUN,Calhoun County
WV|CLAY,Clay County
WV|DODDRIDGE,Doddridge County
WV|FAYETTE,Fayette County
WV|GILMER,Gilmer County
WV|GRANT,Grant County
WV|GREENBRIER,Greenbrier County
WV|HAMPSHIRE,Hampshire County
WV|HANCOCK,Hancock County
WV|HARDY,Hardy County
WV|HARRISON,Harrison County
WV|JACKSON,Jackson County
WV|JEFFERSON,Jefferson County
WV|KANAWHA,Kanawha County
WV|LEWIS,Lewis County
WV|LINCOLN,Lincoln County
WV|LOGAN,Logan County
WV|MARION,Marion County
WV|MARSHALL,Marshall County
WV|MASON,Mason County
WV|MCDOWELL,McDowell County
WV|MERCER,Mercer County
WV|MINERAL,Mineral County
WV|MINGO,Mingo County
WV|MONONGALIA,Monongalia County
WV|MONROE,Monroe County
WV|MORGAN,Morgan County
WV|NICHOLAS,Nicholas County
WV|OHIO,Ohio County
WV|PENDLETON,Pendleton County
WV|PLEASANTS,Pleasants County
WV|POCAHONTAS,Pocahontas County
WV|PRESTON,Preston County
WV|PUTNAM,Putnam County
WV|RALEIGH,Raleigh County
WV|RANDOLPH,Randolph County
WV|RITCHIE,Ritchie County
WV|ROANE,Roane County
WV|SUMMERS,Summers County
WV|TAYLOR,Taylor County
WV|TUCKER,Tucker County
WV|TYLER,Tyler County
WV|UPSHUR,Upshur County
WV|WAYNE,Wayne County
WV|WEBSTER,Webster County
WV|WETZEL,Wetzel County
WV|WIRT,Wirt County
WV|WOOD,Wood County
WV|WYOMING,Wyoming County
WY|ALBANY,Albany County
WY|BIG_HORN,Big Horn County
WY|CAMPBELL,Campbell County
WY|CARBON,Carbon County
WY|CONVERSE,Converse County
WY|CROOK,Crook County
WY|FREMONT,Fremont County
WY|GOSHEN,Goshen County
WY|HOT_SPRINGS,Hot Springs County
WY|JOHNSON,Johnson County
WY|LARAMIE,Laramie County
WY|LINCOLN,Lincoln County
WY|NATRONA,Natrona County
WY|NIOBRARA,Niobrara County
WY|PARK,Park County
WY|PLATTE,Platte County
WY|SHERIDAN,Sheridan County
WY|SUBLETTE,Sublette County
WY|SWEETWATER,Sweetwater County
WY|TETON,Teton County
WY|UINTA,Uinta County
WY|WASHAKIE,Washakie County
WY|WESTON,Weston County
